year,customer_id,phone_no,gender,age,no_of_days_subscribed,multi_screen,mail_subscribed,weekly_mins_watched,minimum_daily_mins,maximum_daily_mins,videos_watched,maximum_days_inactive,customer_support_calls,churn,avg_daily_mins
2024,1001,9316515348,Female,52,310,1,0,209,107,125,200,29,1,0,29.857142857142858
2023,1002,9159993739,Female,18,480,1,1,3658,195,157,269,15,3,1,522.5714285714286
2024,1003,9908479516,Female,21,374,0,0,4089,78,409,943,15,1,0,584.1428571428571
2024,1004,9276749649,Female,25,76,0,1,152,12,544,269,3,2,0,21.714285714285715
2024,1005,8359784415,Female,19,866,1,0,689,24,133,282,23,9,1,98.42857142857143
2024,1006,7815520580,Male,37,589,0,0,4221,57,558,301,14,6,0,603.0
2024,1007,9143643379,Female,55,566,0,0,1235,278,282,198,18,2,0,176.42857142857142
2024,1008,9315866534,Male,23,334,0,0,4501,13,652,119,3,5,0,643.0
2024,1009,8526361836,Female,35,248,1,1,3674,175,361,85,29,1,0,524.8571428571429
2023,1010,9058362803,Female,28,652,0,1,309,36,730,45,21,3,0,44.142857142857146
2024,1011,8965306311,Female,19,276,1,0,2263,297,304,887,13,2,0,323.2857142857143
2023,1012,9162808013,Male,38,268,0,1,471,102,593,644,13,7,1,67.28571428571429
2023,1013,8391482051,Female,37,533,0,0,1921,152,247,713,20,9,0,274.42857142857144
2024,1014,8010714331,Male,46,100,1,0,1337,111,743,29,1,2,1,191.0
2024,1015,8715895041,Male,36,815,1,0,2669,20,792,837,25,4,1,381.2857142857143
2023,1016,8869386242,Female,29,806,0,1,388,59,765,533,17,5,0,55.42857142857143
2023,1017,9320556975,Male,18,447,0,1,336,277,521,722,21,0,0,48.0
2024,1018,8050777769,Female,47,758,0,0,4015,173,663,857,7,4,0,573.5714285714286
2024,1019,8672427819,Female,24,632,1,0,546,8,90,780,2,5,0,78.0
2024,1020,7889194298,Female,19,211,1,1,1305,16,284,545,16,6,0,186.42857142857142
2023,1021,8161059644,Female,49,561,0,1,3517,137,121,510,4,7,0,502.42857142857144
2024,1022,8569119857,Male,19,735,0,0,1043,171,619,221,11,7,0,149.0
2023,1023,8659158597,Female,28,511,1,1,2403,34,351,380,16,0,0,343.2857142857143
2023,1024,8951706620,Male,30,94,0,0,3480,299,791,647,23,5,0,497.14285714285717
2023,1025,9400893397,Male,45,307,0,1,1512,237,565,23,2,2,0,216.0
2024,1026,7016591485,Female,23,421,0,0,701,280,674,777,5,7,0,100.14285714285714
2023,1027,9060047552,Female,56,419,1,1,1411,274,240,266,0,2,1,201.57142857142858
2023,1028,9768688225,Male,49,886,1,0,2814,130,501,914,27,3,0,402.0
2024,1029,9891842892,Female,58,301,0,0,2590,147,163,133,14,1,0,370.0
2023,1030,8452793863,Male,34,964,0,1,3697,287,731,171,15,4,0,528.1428571428571
2023,1031,9680485740,Female,35,294,1,0,2527,144,279,519,19,7,0,361.0
2023,1032,8569941129,Male,26,757,0,0,3485,9,270,312,8,6,1,497.85714285714283
2023,1033,8214401860,Female,26,748,1,0,4266,36,637,883,25,3,0,609.4285714285714
2024,1034,8795985776,Male,22,54,0,1,3455,187,660,901,19,7,0,493.57142857142856
2023,1035,7508467426,Male,24,574,1,1,4498,256,315,830,16,1,0,642.5714285714286
2024,1036,9856451720,Male,22,774,1,1,4980,217,422,230,2,9,0,711.4285714285714
2024,1037,8946354136,Female,49,249,1,0,2522,191,747,72,21,5,0,360.2857142857143
2023,1038,7419603153,Male,59,57,0,0,1777,79,442,304,24,2,0,253.85714285714286
2023,1039,9621116051,Female,36,310,0,1,830,194,301,180,0,4,0,118.57142857142857
2024,1040,9168640595,Male,26,125,1,0,2565,70,399,529,10,7,0,366.42857142857144
2024,1041,8947183768,Female,57,668,1,0,2759,54,527,492,22,4,0,394.14285714285717
2024,1042,7822892709,Male,20,766,0,0,3523,151,299,217,23,4,1,503.2857142857143
2024,1043,8284754325,Female,47,810,1,1,1301,45,571,485,13,4,0,185.85714285714286
2023,1044,7233530443,Female,22,80,0,0,3847,123,51,393,6,2,0,549.5714285714286
2024,1045,7422608370,Female,33,969,0,1,1747,158,169,652,13,8,1,249.57142857142858
2024,1046,8932304997,Male,47,51,0,0,1950,112,510,898,19,8,0,278.57142857142856
2024,1047,7798426321,Male,32,387,1,1,3620,170,102,514,11,1,0,517.1428571428571
2024,1048,7504336131,Female,23,544,1,1,3313,12,450,619,15,2,0,473.2857142857143
2023,1049,8585220703,Female,51,110,0,1,3084,160,297,513,5,2,0,440.57142857142856
2024,1050,9416857744,Male,39,389,1,0,577,37,375,513,17,1,0,82.42857142857143
2023,1051,9096628397,Female,59,602,1,0,4648,64,239,788,20,7,0,664.0
2023,1052,7308899446,Male,41,534,1,0,3110,83,569,241,3,1,1,444.2857142857143
2023,1053,7291530463,Male,18,898,1,1,1627,94,254,385,29,5,0,232.42857142857142
2024,1054,7915049981,Male,37,486,1,0,884,238,509,394,8,0,0,126.28571428571429
2024,1055,9830958082,Male,29,501,1,1,2986,63,328,784,20,4,0,426.57142857142856
2023,1056,9340016167,Male,37,725,0,1,64,93,768,64,27,6,0,9.142857142857142
2023,1057,9293875531,Female,41,278,1,0,3707,179,146,69,12,3,1,529.5714285714286
2023,1058,8875889250,Female,18,219,0,0,2393,252,247,433,14,6,0,341.85714285714283
2024,1059,8681340135,Female,22,941,1,0,2222,287,207,569,16,2,0,317.42857142857144
2024,1060,9035331897,Female,21,978,1,0,3242,116,328,250,11,4,1,463.14285714285717
2024,1061,7113224921,Female,59,291,0,1,2940,161,200,858,18,1,1,420.0
2023,1062,7837899505,Male,41,92,1,1,4227,151,769,386,21,3,0,603.8571428571429
2024,1063,7811446102,Male,52,303,1,0,4389,33,355,478,12,5,0,627.0
2023,1064,7402121962,Male,22,781,1,0,1198,158,518,280,16,5,0,171.14285714285714
2024,1065,7826073462,Male,30,63,1,1,4190,141,258,619,20,3,0,598.5714285714286
2023,1066,9934455723,Male,57,89,0,0,3687,265,555,883,17,4,0,526.7142857142857
2023,1067,7903680327,Male,40,232,0,0,481,187,113,688,1,4,1,68.71428571428571
2024,1068,7681635618,Female,54,926,1,0,1030,204,384,94,28,2,0,147.14285714285714
2024,1069,8457440913,Female,51,679,1,0,4045,296,629,728,27,7,1,577.8571428571429
2023,1070,9138041771,Female,50,634,1,0,2793,85,574,781,15,7,0,399.0
2024,1071,7316227547,Female,56,771,1,0,1031,230,536,503,4,2,0,147.28571428571428
2023,1072,7220575688,Male,59,456,1,1,2998,172,241,269,0,9,0,428.2857142857143
2024,1073,9836356745,Male,56,758,0,0,4514,48,698,757,17,8,0,644.8571428571429
2023,1074,9236179227,Female,39,971,0,1,694,241,447,348,18,3,0,99.14285714285714
2024,1075,8359114269,Female,29,230,1,0,2178,182,148,135,27,3,0,311.14285714285717
2023,1076,8226931123,Male,27,879,0,0,247,21,86,409,3,2,1,35.285714285714285
2024,1077,9143957700,Male,20,848,0,0,3572,54,797,964,10,0,0,510.2857142857143
2023,1078,9192755225,Female,52,319,1,0,1418,121,213,690,21,0,0,202.57142857142858
2024,1079,9923290893,Male,32,318,0,0,599,212,252,696,19,9,0,85.57142857142857
2024,1080,9904161829,Female,27,347,0,0,1552,22,396,142,19,4,0,221.71428571428572
2024,1081,8110972967,Female,56,154,1,1,65,176,704,955,10,5,0,9.285714285714286
2023,1082,8774098669,Male,50,732,0,1,1647,39,668,36,27,9,0,235.28571428571428
2024,1083,8368159879,Female,56,341,1,0,956,198,433,643,1,0,0,136.57142857142858
2024,1084,9535901789,Male,34,928,1,1,796,25,282,129,22,4,0,113.71428571428571
2024,1085,7079553994,Male,35,647,0,0,3279,64,81,201,8,9,0,468.42857142857144
2024,1086,8122366570,Female,28,683,1,0,4553,227,420,883,6,5,1,650.4285714285714
2024,1087,9079752349,Male,44,341,1,0,1184,161,305,608,20,5,0,169.14285714285714
2023,1088,9699198037,Female,51,70,1,1,2215,105,315,70,1,7,0,316.42857142857144
2023,1089,8311254071,Female,47,679,0,1,4212,120,557,513,26,2,0,601.7142857142857
2024,1090,8724957737,Male,20,763,0,1,4777,203,124,709,18,4,1,682.4285714285714
2023,1091,7109943846,Male,33,187,1,1,2629,195,704,836,3,1,0,375.57142857142856
2024,1092,9537643127,Female,43,763,0,1,2218,154,709,826,9,1,0,316.85714285714283
2024,1093,9435263030,Male,36,99,1,0,2171,132,717,695,28,3,0,310.14285714285717
2024,1094,9708414253,Female,42,152,0,1,4677,251,295,670,22,4,0,668.1428571428571
2024,1095,9116043101,Female,36,668,1,0,608,122,218,857,13,2,0,86.85714285714286
2024,1096,8253489343,Female,51,166,1,0,4497,72,109,408,8,3,1,642.4285714285714
2023,1097,8751780046,Female,19,308,1,1,1300,69,133,941,6,9,0,185.71428571428572
2024,1098,7137739902,Female,48,798,0,1,296,70,593,188,6,7,0,42.285714285714285
2024,1099,8841108814,Male,18,350,0,0,786,142,581,419,18,3,0,112.28571428571429
2024,1100,8848400698,Male,34,375,0,0,2371,231,120,140,0,9,1,338.7142857142857
2024,1101,8046798734,Male,28,958,1,0,276,104,334,467,9,2,0,39.42857142857143
2024,1102,9775416286,Female,20,980,0,0,1925,199,527,840,21,3,0,275.0
2023,1103,7708362325,Male,49,191,1,1,457,57,213,778,21,9,1,65.28571428571429
2023,1104,8959444874,Female,35,725,1,0,4674,49,795,621,26,7,0,667.7142857142857
2024,1105,7273029488,Male,26,88,1,0,2390,102,184,415,11,9,1,341.42857142857144
2023,1106,8085288491,Male,50,473,1,1,4553,191,321,206,17,0,0,650.4285714285714
2023,1107,8582024362,Male,34,757,0,0,3905,121,646,802,1,6,0,557.8571428571429
2023,1108,9975022685,Male,54,870,1,0,1862,86,269,590,27,1,0,266.0
2023,1109,7854920473,Female,57,61,0,0,4181,40,792,623,15,3,0,597.2857142857143
2023,1110,7387897093,Female,42,628,0,1,3868,194,582,321,22,9,0,552.5714285714286
2024,1111,7575271693,Male,45,948,0,0,1257,40,621,782,26,2,0,179.57142857142858
2023,1112,8738575561,Male,36,730,1,1,2693,28,399,439,22,1,0,384.7142857142857
2024,1113,9722585354,Male,30,584,0,0,2264,157,766,265,2,5,0,323.42857142857144
2024,1114,9544112320,Female,55,420,1,0,551,27,425,127,8,3,0,78.71428571428571
2023,1115,7883444658,Male,27,446,0,0,1895,134,438,975,22,5,1,270.7142857142857
2023,1116,7190756593,Female,31,703,1,0,3669,124,701,969,18,2,0,524.1428571428571
2023,1117,7641292810,Female,40,554,1,1,4645,259,781,544,5,6,0,663.5714285714286
2024,1118,7017171109,Female,47,290,1,0,4566,265,299,299,10,2,0,652.2857142857143
2024,1119,9997866347,Female,20,944,0,1,2405,297,314,227,4,3,1,343.57142857142856
2023,1120,9176175081,Female,36,426,0,1,2002,189,466,547,21,5,0,286.0
2023,1121,7833948521,Female,37,967,1,0,3268,255,51,67,12,9,0,466.85714285714283
2023,1122,9069607856,Male,46,929,1,1,3491,112,97,703,8,8,0,498.7142857142857
2024,1123,7794964421,Female,26,55,1,0,2089,258,207,589,13,4,0,298.42857142857144
2023,1124,9910661544,Male,25,122,0,1,1794,218,695,210,13,4,0,256.2857142857143
2024,1125,8104633301,Female,30,380,1,1,3398,130,596,469,4,1,0,485.42857142857144
2023,1126,9140226231,Male,59,368,0,0,3151,78,325,65,29,6,0,450.14285714285717
2023,1127,8326162341,Female,35,883,0,0,3675,272,652,841,10,7,0,525.0
2024,1128,9906960936,Female,58,858,1,1,894,264,209,321,0,0,1,127.71428571428571
2024,1129,7286961959,Female,21,927,1,0,4548,179,322,367,12,5,0,649.7142857142857
2023,1130,7388032261,Female,54,163,1,1,4191,5,760,461,23,6,0,598.7142857142857
2024,1131,9890051421,Female,58,82,1,0,3229,125,412,409,27,3,0,461.2857142857143
2023,1132,7984165185,Male,54,489,1,0,3190,68,563,10,8,2,0,455.7142857142857
2024,1133,9431094362,Male,38,870,1,1,1764,288,590,631,11,1,0,252.0
2023,1134,9475222509,Male,20,113,1,1,3955,97,117,558,7,1,0,565.0
2024,1135,9834046791,Female,39,372,1,0,4316,121,718,396,28,4,0,616.5714285714286
2024,1136,9759526697,Male,59,56,0,1,1775,77,241,689,23,1,1,253.57142857142858
2024,1137,7170845024,Female,25,130,0,0,3614,92,691,393,11,1,0,516.2857142857143
2024,1138,7153258489,Female,50,283,1,1,124,168,708,242,20,4,1,17.714285714285715
2023,1139,9926589105,Female,34,97,1,1,3398,247,683,832,21,0,0,485.42857142857144
2023,1140,9468887345,Male,50,112,0,0,4714,293,155,365,1,5,0,673.4285714285714
2024,1141,9335402569,Female,25,480,1,0,4152,271,455,497,18,6,1,593.1428571428571
2024,1142,8260276224,Female,21,317,1,1,431,272,584,838,3,2,0,61.57142857142857
2023,1143,8967935587,Male,37,371,0,1,4863,78,484,979,18,3,1,694.7142857142857
2023,1144,7819475041,Male,56,875,0,0,1246,104,678,69,18,7,0,178.0
2023,1145,9545803008,Male,54,662,0,1,2878,201,83,885,17,6,0,411.14285714285717
2023,1146,8114710890,Male,50,641,0,1,903,127,778,455,4,7,0,129.0
2023,1147,9189498355,Female,20,378,0,1,4035,133,444,97,9,0,0,576.4285714285714
2023,1148,9483133775,Female,45,538,1,1,4569,156,83,544,15,5,0,652.7142857142857
2024,1149,7949345193,Female,49,725,1,1,184,192,519,400,26,1,0,26.285714285714285
2023,1150,9674438057,Male,34,155,1,0,2788,93,393,462,5,1,0,398.2857142857143
2024,1151,8166926271,Female,38,226,1,0,1428,296,358,164,2,0,1,204.0
2023,1152,8002422008,Male,31,396,1,1,1503,284,744,696,7,2,0,214.71428571428572
2024,1153,9079954005,Female,57,720,1,1,3481,216,275,521,6,4,0,497.2857142857143
2023,1154,8499576561,Male,52,989,1,0,1283,242,576,89,22,8,0,183.28571428571428
2024,1155,9704941112,Female,36,322,1,1,4968,142,410,96,3,1,0,709.7142857142857
2023,1156,8110960246,Female,30,413,1,1,2274,121,500,119,22,1,0,324.85714285714283
2024,1157,9392866997,Male,48,176,0,1,4339,241,684,392,24,6,0,619.8571428571429
2024,1158,9038792228,Female,28,236,0,0,2300,186,754,805,9,3,0,328.57142857142856
2024,1159,9113082699,Female,57,361,0,0,4272,63,197,274,23,3,0,610.2857142857143
2024,1160,9097368985,Female,40,157,0,0,422,277,747,727,1,5,1,60.285714285714285
2024,1161,7975801757,Male,52,926,0,1,3573,223,466,131,1,8,0,510.42857142857144
2023,1162,8436113324,Female,58,994,1,0,4959,32,520,866,26,2,0,708.4285714285714
2023,1163,9924080672,Female,31,527,0,0,3984,17,354,396,0,9,0,569.1428571428571
2024,1164,8856785757,Female,21,301,1,0,2085,75,99,832,13,3,0,297.85714285714283
2024,1165,8696954284,Female,35,472,0,1,2128,8,694,437,27,1,0,304.0
2023,1166,8534582840,Female,47,172,1,0,4657,109,732,16,11,3,0,665.2857142857143
2024,1167,8862328762,Male,57,41,1,1,2469,93,693,907,14,6,1,352.7142857142857
2023,1168,8507718861,Male,40,566,0,1,3764,49,265,176,15,1,0,537.7142857142857
2023,1169,7380966560,Female,27,570,0,0,4878,88,739,136,13,4,0,696.8571428571429
2023,1170,9499689947,Male,54,161,1,1,3978,108,562,966,8,5,0,568.2857142857143
2024,1171,7125868599,Female,29,403,0,0,4938,196,102,469,3,5,0,705.4285714285714
2023,1172,7012375679,Female,50,494,0,1,1193,57,623,963,22,0,1,170.42857142857142
2023,1173,9061164774,Male,18,218,0,1,4550,90,430,520,17,8,1,650.0
2023,1174,9270858939,Female,38,599,0,0,3127,241,223,635,18,7,0,446.7142857142857
2023,1175,7832855917,Female,34,783,0,1,3158,203,132,938,26,2,1,451.14285714285717
2023,1176,7506154058,Female,28,262,0,0,2698,22,369,460,2,3,1,385.42857142857144
2024,1177,7133415807,Female,35,347,1,0,383,290,484,912,1,1,0,54.714285714285715
2024,1178,8722208785,Male,35,975,0,0,4180,109,66,799,8,9,0,597.1428571428571
2023,1179,9573182476,Male,21,773,1,0,3965,210,513,899,28,1,1,566.4285714285714
2023,1180,9931584702,Male,45,516,0,0,4241,35,677,249,22,2,1,605.8571428571429
2023,1181,7649478254,Male,59,792,1,0,2590,299,444,135,14,0,0,370.0
2023,1182,7495058342,Female,37,925,1,1,2310,45,179,479,18,2,0,330.0
2023,1183,9774231894,Male,39,708,0,1,1518,119,534,813,5,5,0,216.85714285714286
2024,1184,9810076484,Female,45,748,0,0,925,180,459,642,22,8,1,132.14285714285714
2023,1185,7024782443,Male,59,354,1,1,467,179,468,873,4,8,0,66.71428571428571
2024,1186,9220497577,Female,32,133,0,1,2266,253,255,805,6,7,0,323.7142857142857
2024,1187,8810287806,Female,47,296,1,1,4727,106,632,301,18,4,1,675.2857142857143
2024,1188,7298261815,Male,52,480,1,0,1691,249,393,561,25,1,0,241.57142857142858
2024,1189,7559875545,Male,37,195,1,1,2848,50,193,743,0,4,1,406.85714285714283
2023,1190,8960648097,Female,22,794,0,1,3313,93,86,607,23,8,0,473.2857142857143
2023,1191,7391128109,Male,58,654,0,0,313,17,573,947,20,8,0,44.714285714285715
2024,1192,9265684076,Male,40,910,0,0,3503,129,651,429,5,9,0,500.42857142857144
2023,1193,9837073368,Female,23,431,0,1,1326,109,507,321,19,1,0,189.42857142857142
2023,1194,8343336945,Female,38,95,1,1,1275,229,197,875,23,8,0,182.14285714285714
2024,1195,7552667314,Male,19,580,1,1,2827,116,595,926,23,7,0,403.85714285714283
2023,1196,8631104053,Female,39,468,0,1,1008,188,128,280,6,8,0,144.0
2024,1197,7947146426,Male,28,134,0,0,1502,269,516,534,2,9,0,214.57142857142858
2024,1198,7452246802,Female,43,383,0,1,2483,180,387,677,15,7,0,354.7142857142857
2023,1199,8813427567,Male,22,89,0,1,3532,25,251,369,24,9,1,504.57142857142856
2023,1200,7205343779,Female,33,931,0,0,1630,69,676,80,27,4,0,232.85714285714286
2024,1201,8048928478,Male,42,856,0,1,4246,189,111,666,0,6,1,606.5714285714286
2023,1202,8220995722,Male,41,889,1,0,79,98,545,392,28,1,0,11.285714285714286
2024,1203,8615385641,Female,23,581,1,0,4051,195,415,245,15,1,0,578.7142857142857
2023,1204,9357988798,Female,47,555,1,0,4777,97,213,967,21,6,0,682.4285714285714
2024,1205,9968377026,Male,24,98,1,1,1209,182,719,928,0,9,0,172.71428571428572
2024,1206,8730255011,Female,30,901,1,0,92,39,502,221,27,6,0,13.142857142857142
2024,1207,9623679659,Male,45,696,0,1,176,244,269,588,21,2,0,25.142857142857142
2024,1208,7296041632,Male,50,378,1,1,4528,122,499,984,2,1,1,646.8571428571429
2024,1209,8337886669,Male,28,170,0,1,1065,169,336,513,26,7,0,152.14285714285714
2023,1210,9797380064,Female,51,553,1,0,815,44,321,180,24,1,0,116.42857142857143
2023,1211,8073836303,Female,19,32,1,0,1058,31,326,159,5,6,0,151.14285714285714
2023,1212,9885556857,Male,55,794,1,0,1720,158,200,493,22,4,0,245.71428571428572
2023,1213,9886551647,Male,20,345,1,1,2193,228,539,849,6,8,1,313.2857142857143
2024,1214,9211179377,Male,19,110,0,0,4962,48,453,307,10,5,0,708.8571428571429
2023,1215,8743200136,Female,55,869,1,1,3308,162,433,730,10,3,1,472.57142857142856
2024,1216,9395647075,Female,38,530,0,1,4656,78,208,475,7,1,0,665.1428571428571
2023,1217,8769956804,Male,35,726,1,1,2297,210,571,420,9,4,0,328.14285714285717
2023,1218,9387590120,Female,28,243,0,0,2623,40,758,663,21,1,1,374.7142857142857
2024,1219,7929231428,Female,58,967,1,1,2075,12,173,67,12,0,0,296.42857142857144
2024,1220,9849888141,Female,24,527,1,0,537,9,666,94,24,1,0,76.71428571428571
2024,1221,7460383581,Female,56,161,1,1,3032,280,530,940,19,9,1,433.14285714285717
2024,1222,7200955801,Female,41,476,1,1,750,93,125,74,23,0,0,107.14285714285714
2023,1223,9837388160,Male,40,410,1,0,4068,296,169,57,8,1,0,581.1428571428571
2024,1224,9215184302,Male,39,501,1,0,3375,256,532,729,3,9,0,482.14285714285717
2024,1225,9012721023,Male,31,138,0,0,2358,102,736,984,15,1,0,336.85714285714283
2023,1226,9881078280,Female,36,990,1,1,3969,185,785,855,15,0,0,567.0
2024,1227,8374914543,Female,38,564,0,1,3588,160,200,226,25,8,0,512.5714285714286
2024,1228,9920544919,Female,28,826,1,0,1298,299,478,36,1,3,0,185.42857142857142
2024,1229,9343296228,Male,36,285,1,0,143,92,774,991,6,3,0,20.428571428571427
2024,1230,8766721573,Male,38,110,0,1,666,115,269,753,4,3,0,95.14285714285714
2024,1231,9396604980,Male,23,630,0,1,108,214,799,954,25,8,1,15.428571428571429
2023,1232,8467870426,Female,57,809,1,0,1156,199,773,88,16,5,0,165.14285714285714
2023,1233,9526887645,Male,22,815,0,0,2441,181,81,228,28,7,0,348.7142857142857
2024,1234,9507282692,Male,48,777,0,1,4735,80,95,207,9,9,0,676.4285714285714
2024,1235,8294148034,Female,28,307,0,1,4217,100,233,910,5,7,0,602.4285714285714
2024,1236,8064394474,Male,28,314,0,1,494,270,102,933,27,0,0,70.57142857142857
2024,1237,8340967612,Male,22,107,1,1,1576,181,473,806,22,4,0,225.14285714285714
2024,1238,9557655192,Female,36,890,0,1,379,200,453,58,21,7,0,54.142857142857146
2024,1239,9577856591,Female,30,519,1,0,1247,201,531,837,11,6,0,178.14285714285714
2023,1240,9457395634,Female,57,220,0,0,4658,115,603,91,20,9,0,665.4285714285714
2023,1241,7415554862,Female,20,877,0,0,2914,93,795,759,25,9,1,416.2857142857143
2024,1242,9816116483,Female,30,738,0,0,1631,133,713,592,28,7,0,233.0
2024,1243,8669713545,Male,43,441,1,1,2000,137,304,463,25,6,0,285.7142857142857
2023,1244,7571722185,Male,20,745,0,0,4425,155,536,754,4,5,0,632.1428571428571
2023,1245,8511322408,Male,18,535,0,1,3318,12,478,646,24,0,0,474.0
2023,1246,7712983412,Female,18,244,0,0,3561,112,348,231,29,3,0,508.7142857142857
2023,1247,8849514646,Male,30,596,0,1,4920,283,185,446,18,6,0,702.8571428571429
2024,1248,8157839008,Female,34,510,1,1,406,290,404,511,22,3,1,58.0
2023,1249,9814165900,Male,28,328,0,0,3654,92,775,335,15,5,0,522.0
2023,1250,9882998163,Male,38,658,1,0,1848,193,453,179,11,7,0,264.0
2024,1251,9561293643,Female,52,543,0,1,1842,38,226,157,26,0,0,263.14285714285717
2023,1252,9949678194,Male,54,627,1,1,1292,54,212,510,17,7,0,184.57142857142858
2023,1253,9785682853,Male,50,523,0,1,993,126,383,841,4,2,0,141.85714285714286
2024,1254,8668061850,Female,56,305,1,1,3155,282,428,63,7,6,0,450.7142857142857
2023,1255,8172995918,Male,22,398,1,1,3635,226,368,182,20,3,0,519.2857142857143
2024,1256,8778062220,Male,38,188,0,1,4862,147,195,953,0,3,0,694.5714285714286
2024,1257,9168521251,Male,21,696,1,0,1119,149,326,880,28,5,1,159.85714285714286
2023,1258,7307440795,Male,26,365,1,1,1262,241,377,274,27,4,0,180.28571428571428
2024,1259,7458603794,Male,55,422,1,0,226,66,517,104,0,5,0,32.285714285714285
2023,1260,7734619131,Female,28,133,0,0,243,151,433,839,18,5,0,34.714285714285715
2024,1261,7423238968,Female,49,426,0,0,4684,19,559,260,27,6,1,669.1428571428571
2023,1262,8592860991,Male,53,576,1,1,3183,84,334,215,7,0,1,454.7142857142857
2023,1263,8457450662,Female,25,763,1,0,635,144,297,233,16,2,1,90.71428571428571
2023,1264,7733741912,Female,57,167,0,0,1157,198,257,650,11,0,0,165.28571428571428
2024,1265,9996009516,Female,25,270,0,1,4868,58,372,628,16,8,0,695.4285714285714
2023,1266,9446269754,Male,46,886,1,1,2661,253,435,198,17,9,0,380.14285714285717
2024,1267,9640898896,Female,55,796,1,0,422,10,689,972,20,6,1,60.285714285714285
2024,1268,9263514574,Female,29,721,0,1,2030,30,491,387,17,0,0,290.0
2023,1269,7762248278,Male,46,182,1,1,4364,103,743,816,8,1,0,623.4285714285714
2023,1270,9514843030,Male,36,343,0,1,715,27,283,864,0,9,0,102.14285714285714
2024,1271,9282533206,Male,47,327,1,1,4810,248,373,970,18,6,0,687.1428571428571
2023,1272,9337019779,Female,46,165,1,0,2274,257,597,990,23,4,0,324.85714285714283
2024,1273,8452963034,Male,19,692,0,0,299,147,309,590,6,7,1,42.714285714285715
2024,1274,8796782963,Female,51,818,1,0,1163,147,526,917,17,2,0,166.14285714285714
2024,1275,8332531932,Female,37,958,0,0,4800,10,669,658,27,6,0,685.7142857142857
2023,1276,7616385756,Female,47,567,0,0,3728,265,127,878,20,1,0,532.5714285714286
2023,1277,7203350322,Female,45,846,0,0,2910,15,383,327,6,9,0,415.7142857142857
2023,1278,9826491343,Male,49,327,0,0,2580,130,65,902,29,4,0,368.57142857142856
2024,1279,7666630710,Female,39,845,1,1,4191,52,563,809,0,5,0,598.7142857142857
2024,1280,8751840993,Male,28,168,0,0,1679,42,197,756,4,9,0,239.85714285714286
2024,1281,7634114695,Female,37,518,0,1,1027,233,303,138,13,5,0,146.71428571428572
2024,1282,7466894758,Female,27,795,0,0,2862,35,122,186,24,4,0,408.85714285714283
2023,1283,9136953360,Female,20,275,1,0,1066,172,359,452,28,0,0,152.28571428571428
2024,1284,9947133155,Male,44,459,1,1,3809,180,666,873,28,5,1,544.1428571428571
2023,1285,9763572890,Female,56,337,0,0,2005,177,102,526,9,2,0,286.42857142857144
2023,1286,9291271631,Female,24,295,0,0,1125,160,273,333,26,5,0,160.71428571428572
2023,1287,8788636882,Male,53,494,0,0,1585,40,752,67,14,7,1,226.42857142857142
2024,1288,8795668492,Male,57,354,0,1,2932,40,504,284,4,3,0,418.85714285714283
2024,1289,8168198065,Female,32,231,1,1,1193,126,247,135,4,9,0,170.42857142857142
2023,1290,8308982054,Male,52,117,1,1,4487,242,600,404,13,8,0,641.0
2023,1291,8757444741,Male,31,271,0,0,3150,297,237,131,2,6,1,450.0
2023,1292,8145043019,Male,25,751,1,1,1606,44,693,186,20,7,0,229.42857142857142
2024,1293,8658550507,Male,49,798,1,0,1778,275,513,396,25,2,0,254.0
2024,1294,9497970396,Male,49,839,1,0,1768,259,73,362,27,4,0,252.57142857142858
2023,1295,7279972837,Female,27,855,1,0,629,131,759,644,6,8,0,89.85714285714286
2024,1296,9000430375,Male,23,542,1,1,2290,53,150,213,3,9,0,327.14285714285717
2023,1297,9420877110,Female,40,219,0,0,443,22,254,99,0,9,0,63.285714285714285
2024,1298,9010786142,Female,33,220,1,1,2964,91,271,253,11,1,1,423.42857142857144
2023,1299,8768605832,Male,25,179,1,1,3528,178,549,760,3,2,1,504.0
2023,1300,7676338554,Female,45,555,1,1,530,28,392,141,12,1,0,75.71428571428571
2024,1301,9786482311,Male,24,761,1,1,2823,55,485,675,18,7,0,403.2857142857143
2023,1302,7302041023,Female,22,156,1,1,749,273,367,31,4,4,1,107.0
2023,1303,9896512497,Male,18,751,1,1,98,251,430,847,8,4,0,14.0
2024,1304,9230411885,Female,24,904,1,1,2874,107,278,98,24,8,0,410.57142857142856
2023,1305,9113080586,Female,39,705,1,0,963,118,380,47,14,8,1,137.57142857142858
2024,1306,7383955476,Male,49,827,0,1,3279,158,695,281,14,1,1,468.42857142857144
2024,1307,7751184444,Female,45,463,0,0,2201,177,495,955,29,2,0,314.42857142857144
2023,1308,7951928208,Female,52,90,0,0,1178,48,108,52,16,5,1,168.28571428571428
2023,1309,7151415163,Female,41,787,0,0,4854,83,548,434,13,3,0,693.4285714285714
2024,1310,8114239755,Male,52,189,1,0,1790,55,455,811,13,1,0,255.71428571428572
2024,1311,8621888442,Female,19,121,0,1,2921,262,406,870,7,0,0,417.2857142857143
2024,1312,7909482179,Female,55,691,1,1,3186,27,753,670,28,9,0,455.14285714285717
2024,1313,7057649789,Male,44,769,1,0,3500,298,634,782,18,8,0,500.0
2023,1314,8308158204,Male,42,870,1,1,2871,294,252,811,22,6,0,410.14285714285717
2023,1315,9268666628,Male,21,226,0,1,3369,144,421,570,19,9,1,481.2857142857143
2023,1316,8575180041,Male,47,399,0,1,3504,29,327,937,28,0,0,500.57142857142856
2023,1317,9570048173,Male,41,256,0,0,1061,138,150,523,9,5,0,151.57142857142858
2024,1318,8021742098,Male,30,689,1,0,4314,32,275,372,29,3,1,616.2857142857143
2023,1319,8520562399,Male,33,601,0,0,3933,222,289,489,6,1,0,561.8571428571429
2024,1320,7590484787,Male,42,63,0,1,1718,114,105,920,8,5,0,245.42857142857142
2024,1321,7305377989,Male,49,629,1,1,787,251,665,941,2,8,0,112.42857142857143
2023,1322,8587273383,Female,28,442,0,1,2186,159,415,54,12,0,0,312.2857142857143
2024,1323,7573965216,Female,50,54,1,0,2412,13,396,200,28,8,0,344.57142857142856
2024,1324,7959791417,Male,23,691,1,1,3158,244,790,844,5,8,0,451.14285714285717
2023,1325,8730095537,Male,30,859,0,1,1773,136,421,992,17,8,1,253.28571428571428
2023,1326,9239118060,Female,30,662,0,1,159,211,146,758,3,1,0,22.714285714285715
2024,1327,8672742718,Female,54,570,1,1,4472,259,62,237,29,2,0,638.8571428571429
2023,1328,9194631172,Male,22,468,1,0,4306,273,647,845,20,9,0,615.1428571428571
2023,1329,9758110806,Female,48,378,1,0,901,175,392,135,29,4,0,128.71428571428572
2024,1330,9586489601,Female,54,289,1,0,3303,93,307,660,11,0,0,471.85714285714283
2023,1331,8205378421,Female,25,545,0,1,2510,242,171,572,20,4,0,358.57142857142856
2023,1332,8308900171,Female,43,477,0,1,3190,149,423,666,24,2,0,455.7142857142857
2024,1333,9286689721,Male,49,602,1,0,1797,140,414,826,0,8,0,256.7142857142857
2023,1334,8896321602,Male,56,523,1,1,3300,57,397,266,12,3,0,471.42857142857144
2023,1335,9968572306,Female,53,923,0,0,3015,140,81,383,18,5,0,430.7142857142857
2024,1336,7884650875,Female,46,702,1,0,475,15,367,191,9,5,1,67.85714285714286
2023,1337,9207628006,Male,41,815,0,1,439,207,623,878,27,8,0,62.714285714285715
2024,1338,8166633299,Male,37,692,0,1,3173,282,370,222,11,4,0,453.2857142857143
2023,1339,7514175783,Female,29,528,1,0,541,264,84,866,13,2,1,77.28571428571429
2023,1340,9116134448,Female,41,979,1,0,1438,7,291,516,14,6,0,205.42857142857142
2024,1341,7701545623,Male,24,141,0,1,4497,100,548,98,22,5,0,642.4285714285714
2023,1342,7524139402,Male,32,912,0,1,3703,44,325,179,10,5,0,529.0
2023,1343,9564883489,Female,20,838,1,1,4854,269,748,490,20,2,0,693.4285714285714
2024,1344,7517561378,Male,50,152,1,1,3136,239,699,782,9,4,1,448.0
2023,1345,9903383122,Female,30,148,1,1,736,210,750,240,8,2,1,105.14285714285714
2024,1346,9218246609,Female,34,899,0,1,3776,195,209,260,23,8,0,539.4285714285714
2024,1347,9298295597,Female,37,682,1,1,3525,230,408,691,27,4,0,503.57142857142856
2023,1348,8754949716,Female,54,871,1,0,2107,39,713,512,7,6,1,301.0
2023,1349,8296824643,Male,55,371,0,1,4763,222,190,752,28,9,0,680.4285714285714
2024,1350,8594217745,Male,21,504,0,0,1991,258,727,471,15,6,0,284.42857142857144
2024,1351,8780661316,Male,28,268,1,0,3231,28,335,129,5,1,0,461.57142857142856
2023,1352,7567686337,Male,27,680,0,1,1973,118,328,522,4,7,0,281.85714285714283
2023,1353,8376923507,Female,18,772,0,1,2491,196,436,117,8,2,0,355.85714285714283
2023,1354,9960147603,Male,49,232,1,1,2605,295,53,499,16,4,1,372.14285714285717
2024,1355,7582721036,Female,39,567,0,0,1138,178,52,180,20,9,0,162.57142857142858
2023,1356,9376497731,Male,19,630,1,0,3923,40,73,255,16,7,1,560.4285714285714
2024,1357,9207907533,Female,59,962,0,0,1618,10,792,988,24,1,0,231.14285714285714
2024,1358,8292651875,Male,46,733,1,1,3083,8,225,507,8,8,0,440.42857142857144
2024,1359,9542601481,Male,36,452,1,0,3247,261,57,414,0,4,0,463.85714285714283
2023,1360,8518486169,Female,23,915,0,1,3199,81,420,783,9,7,1,457.0
2024,1361,9424998160,Male,32,963,0,1,3630,21,514,300,5,5,0,518.5714285714286
2024,1362,7306210903,Male,54,185,1,0,4293,134,332,175,17,1,0,613.2857142857143
2023,1363,8982448752,Female,34,788,0,1,217,30,463,837,1,0,1,31.0
2023,1364,9157599680,Male,49,990,1,1,626,119,277,502,27,3,1,89.42857142857143
2024,1365,8712789765,Female,39,825,1,1,1230,56,639,873,8,5,0,175.71428571428572
2023,1366,9106524773,Male,53,885,1,0,4627,269,644,719,9,3,0,661.0
2024,1367,8117814154,Male,48,493,1,0,2112,43,207,907,3,4,0,301.7142857142857
2023,1368,8892969839,Female,19,895,1,0,4620,215,290,601,27,1,0,660.0
2023,1369,8368111401,Male,20,589,1,0,2966,214,785,821,21,9,1,423.7142857142857
2023,1370,8745387453,Male,56,288,1,1,597,155,521,946,4,4,0,85.28571428571429
2024,1371,8441680622,Male,34,991,0,1,4315,287,516,925,18,0,0,616.4285714285714
2023,1372,9081273390,Female,35,42,0,0,1890,67,251,804,8,7,0,270.0
2024,1373,7899045018,Female,33,990,1,1,3916,216,565,651,16,8,0,559.4285714285714
2023,1374,9175121877,Male,55,614,0,1,3217,195,790,32,14,3,0,459.57142857142856
2023,1375,8216992834,Female,57,591,0,1,2700,268,262,412,18,9,1,385.7142857142857
2023,1376,8809166249,Female,45,956,0,0,3103,72,84,335,10,3,1,443.2857142857143
2024,1377,7636623830,Male,26,507,0,0,3746,249,216,435,17,8,1,535.1428571428571
2023,1378,7176654045,Female,28,516,0,0,2967,45,729,642,24,9,0,423.85714285714283
2024,1379,7523027674,Male,29,833,1,0,212,141,534,464,27,4,0,30.285714285714285
2023,1380,8352619842,Female,43,585,0,0,2740,125,307,237,6,0,0,391.42857142857144
2023,1381,7516423478,Female,26,505,1,0,2786,260,179,818,20,6,0,398.0
2024,1382,7198190768,Male,45,680,1,1,4112,299,749,449,25,6,0,587.4285714285714
2024,1383,9605868847,Female,39,228,1,0,260,249,93,505,20,2,0,37.142857142857146
2023,1384,9708885264,Male,49,112,1,1,1973,240,435,866,0,5,0,281.85714285714283
2023,1385,8927440257,Male,23,455,0,0,2979,181,139,395,24,0,0,425.57142857142856
2023,1386,8356316230,Male,55,852,0,0,3697,9,366,872,9,4,0,528.1428571428571
2024,1387,9510102732,Male,34,527,1,1,2908,29,129,591,9,0,0,415.42857142857144
2023,1388,8081819611,Male,26,931,0,1,2356,285,581,366,4,9,0,336.57142857142856
2023,1389,8607026248,Female,56,44,1,0,3353,216,63,102,2,1,0,479.0
2023,1390,8774197308,Male,26,32,0,1,3651,163,632,27,20,2,0,521.5714285714286
2023,1391,9412907239,Male,19,76,0,1,2541,107,457,683,10,8,0,363.0
2023,1392,7449317961,Female,44,883,1,0,1038,216,641,958,10,7,1,148.28571428571428
2024,1393,9908198381,Female,56,376,1,1,2619,134,410,382,29,3,1,374.14285714285717
2023,1394,9041321468,Female,40,624,0,0,376,78,583,435,24,0,1,53.714285714285715
2023,1395,8103493438,Male,47,312,1,0,4113,193,78,288,13,4,1,587.5714285714286
2024,1396,9546777315,Male,19,436,0,0,2554,175,405,253,18,4,0,364.85714285714283
2023,1397,7249310637,Female,48,928,1,0,1695,152,684,234,23,0,0,242.14285714285714
2023,1398,7443241040,Female,22,521,1,0,2912,219,573,968,1,0,0,416.0
2024,1399,7565283554,Female,58,854,0,1,2505,99,507,241,19,8,0,357.85714285714283
2024,1400,9669396943,Female,33,107,1,1,1142,190,774,835,11,2,0,163.14285714285714
2024,1401,9236262120,Female,49,746,0,0,1587,218,65,708,25,0,0,226.71428571428572
2024,1402,8647715134,Male,52,906,1,1,3287,46,358,223,12,0,0,469.57142857142856
2023,1403,7478493511,Female,48,524,0,1,178,199,670,42,17,2,0,25.428571428571427
2024,1404,8531354346,Male,48,997,0,1,1170,216,314,433,18,7,0,167.14285714285714
2024,1405,8121534349,Male,31,605,0,0,1207,256,666,95,27,3,1,172.42857142857142
2023,1406,9908270353,Female,30,819,0,1,4668,167,640,559,17,2,1,666.8571428571429
2024,1407,8575714942,Female,25,353,0,1,4557,34,621,342,13,6,0,651.0
2024,1408,9100350657,Male,27,992,1,0,3732,179,758,601,23,8,0,533.1428571428571
2023,1409,9713972222,Female,47,327,0,1,4475,54,368,81,12,8,0,639.2857142857143
2023,1410,9043111741,Male,59,80,0,1,1659,183,99,189,24,5,0,237.0
2024,1411,7547693827,Male,30,681,0,1,2993,50,209,672,5,4,0,427.57142857142856
2024,1412,8974801253,Male,34,369,0,0,3050,277,480,33,27,3,0,435.7142857142857
2024,1413,8300081155,Female,56,227,0,0,2230,141,448,157,1,4,0,318.57142857142856
2024,1414,7635672485,Male,56,544,1,0,1037,133,353,947,15,4,0,148.14285714285714
2023,1415,7556569795,Male,45,813,0,0,2863,216,132,250,27,5,1,409.0
2024,1416,7966402302,Female,46,139,0,0,496,293,478,112,7,3,0,70.85714285714286
2024,1417,8318442303,Male,18,824,0,0,1517,145,169,253,4,5,0,216.71428571428572
2024,1418,9983437455,Female,43,860,1,1,1052,195,666,649,23,4,0,150.28571428571428
2024,1419,7000673863,Male,18,33,0,0,1791,108,599,957,4,7,0,255.85714285714286
2024,1420,7422347833,Female,54,559,1,0,2977,290,605,984,27,4,0,425.2857142857143
2023,1421,8884382113,Male,59,838,0,1,302,269,88,500,23,8,0,43.142857142857146
2024,1422,9935322919,Female,36,586,0,1,3636,100,293,293,22,5,1,519.4285714285714
2024,1423,8175211369,Male,36,993,1,0,3164,270,414,361,19,1,1,452.0
2024,1424,8426285726,Male,26,209,1,0,3607,13,332,598,8,9,0,515.2857142857143
2023,1425,8576881011,Male,51,817,0,1,4140,279,319,729,1,2,0,591.4285714285714
2023,1426,8749018700,Female,21,627,0,0,3755,186,192,163,19,6,0,536.4285714285714
2024,1427,8356695063,Female,26,824,1,1,2456,101,344,146,14,6,1,350.85714285714283
2024,1428,7285326404,Male,42,552,0,0,2286,242,796,240,27,1,0,326.57142857142856
2024,1429,8831464110,Female,54,248,0,0,3764,12,350,53,2,2,0,537.7142857142857
2024,1430,7923555667,Male,19,878,0,1,2815,164,102,334,28,6,0,402.14285714285717
2023,1431,9207290139,Female,50,306,0,1,478,107,265,22,15,5,0,68.28571428571429
2024,1432,8268319446,Male,25,540,1,1,3936,242,616,892,0,3,0,562.2857142857143
2023,1433,9165614728,Female,18,141,0,1,2403,62,408,608,0,9,0,343.2857142857143
2024,1434,7420612562,Female,43,915,0,0,1091,235,364,154,26,2,0,155.85714285714286
2024,1435,8574974390,Male,36,950,0,1,219,264,202,367,21,7,1,31.285714285714285
2024,1436,8422952010,Female,52,116,0,0,1998,236,342,163,12,8,0,285.42857142857144
2023,1437,9543432709,Male,54,251,0,0,379,222,350,520,2,3,0,54.142857142857146
2024,1438,7216437811,Female,55,63,0,0,529,229,236,626,0,6,0,75.57142857142857
2024,1439,7708345814,Female,28,954,0,0,4585,175,667,604,10,6,1,655.0
2023,1440,7443561923,Female,45,438,1,1,2805,86,737,985,29,5,0,400.7142857142857
2024,1441,7112945948,Female,40,767,1,1,4801,113,215,526,10,9,0,685.8571428571429
2023,1442,8957180562,Female,56,666,1,0,2916,291,499,336,2,7,0,416.57142857142856
2024,1443,7637787876,Male,21,597,0,0,4513,135,433,748,21,0,0,644.7142857142857
2023,1444,9822770800,Male,58,758,0,1,2816,162,202,830,16,3,0,402.2857142857143
2023,1445,8625710368,Male,22,577,1,1,3170,38,789,675,8,2,0,452.85714285714283
2023,1446,8647009142,Male,48,874,1,0,569,201,690,91,25,2,0,81.28571428571429
2023,1447,8063462479,Male,42,892,1,1,2323,40,499,997,7,9,0,331.85714285714283
2024,1448,9737870931,Male,42,593,1,1,2882,267,314,394,11,5,0,411.7142857142857
2024,1449,9437434152,Male,31,729,0,1,1258,47,115,569,23,9,0,179.71428571428572
2024,1450,9400427381,Male,21,907,1,1,1712,162,642,852,18,5,1,244.57142857142858
2023,1451,7048696103,Male,26,393,1,0,3014,237,691,668,18,9,0,430.57142857142856
2024,1452,9134316622,Female,24,899,0,0,1562,97,434,42,10,2,0,223.14285714285714
2023,1453,8847369632,Male,44,629,0,1,246,251,716,627,17,6,0,35.142857142857146
2023,1454,8003152061,Male,35,76,1,1,4366,95,192,59,22,4,0,623.7142857142857
2024,1455,8921773410,Female,34,958,1,1,4802,217,128,415,14,5,0,686.0
2023,1456,9655840913,Male,53,631,0,0,3315,183,533,270,4,1,0,473.57142857142856
2023,1457,8640030156,Male,26,515,0,1,56,118,245,354,11,5,1,8.0
2023,1458,8117362688,Female,18,578,0,0,2588,267,417,173,14,2,0,369.7142857142857
2024,1459,8510664017,Male,47,701,1,1,2354,270,269,495,13,2,0,336.2857142857143
2023,1460,9556977136,Female,46,194,1,1,231,71,739,68,21,6,0,33.0
2023,1461,7467397252,Female,54,933,1,0,1770,112,578,326,16,0,0,252.85714285714286
2023,1462,8415880832,Male,43,839,1,1,3245,276,761,561,20,0,0,463.57142857142856
2023,1463,9326384528,Male,41,700,1,0,2665,273,206,211,11,0,0,380.7142857142857
2023,1464,7013035098,Female,55,388,1,1,248,151,162,275,15,9,0,35.42857142857143
2024,1465,8136243117,Male,41,876,1,1,1809,140,659,600,28,7,0,258.42857142857144
2024,1466,9280817723,Male,24,193,0,0,225,172,369,435,1,8,0,32.142857142857146
2024,1467,9937262426,Male,41,374,1,0,703,33,424,710,29,0,0,100.42857142857143
2024,1468,7994797576,Female,20,243,1,1,2381,270,552,998,3,6,0,340.14285714285717
2024,1469,9697124531,Female,47,114,1,1,1182,297,511,136,29,6,0,168.85714285714286
2024,1470,8658251075,Male,35,446,0,0,4321,134,600,632,10,6,1,617.2857142857143
2024,1471,7853030169,Male,22,455,1,1,4977,86,544,392,24,1,0,711.0
2024,1472,9244832467,Female,43,982,1,0,673,233,548,170,4,2,0,96.14285714285714
2023,1473,7190882440,Male,42,51,0,1,706,290,334,296,1,2,0,100.85714285714286
2024,1474,7997824937,Male,58,54,0,1,4007,208,137,293,28,5,0,572.4285714285714
2024,1475,9171056569,Male,26,289,1,1,4345,230,330,901,13,1,1,620.7142857142857
2023,1476,8602614373,Female,56,625,0,1,1857,280,119,276,5,3,0,265.2857142857143
2024,1477,9871579825,Male,40,941,0,1,3487,12,686,895,10,3,0,498.14285714285717
2024,1478,7261340305,Female,34,881,1,0,163,207,438,175,29,0,0,23.285714285714285
2023,1479,9116535073,Female,36,475,0,0,4492,175,754,453,14,2,0,641.7142857142857
2024,1480,9320651694,Female,51,100,1,0,310,280,236,874,29,9,0,44.285714285714285
2024,1481,8002163535,Female,33,274,0,0,2829,192,273,591,13,5,0,404.14285714285717
2024,1482,9932644544,Female,33,821,0,0,1678,205,110,710,21,3,0,239.71428571428572
2024,1483,7267240516,Female,56,413,1,0,3390,242,193,555,26,4,1,484.2857142857143
2023,1484,7165205274,Female,28,209,1,1,1810,55,688,92,16,6,0,258.57142857142856
2023,1485,7392389632,Male,58,98,0,0,333,39,635,218,15,1,0,47.57142857142857
2024,1486,8802669061,Male,51,914,0,1,2964,172,763,899,26,5,0,423.42857142857144
2023,1487,8357282524,Female,56,192,0,1,139,183,694,482,11,3,0,19.857142857142858
2024,1488,9533523785,Male,32,201,0,1,4685,80,628,797,18,6,0,669.2857142857143
2024,1489,9517270123,Female,39,759,1,0,638,136,347,511,22,5,0,91.14285714285714
2024,1490,7803503181,Male,53,917,1,1,4860,266,234,549,7,5,0,694.2857142857143
2023,1491,9086675821,Female,46,415,0,0,4859,251,286,896,12,8,1,694.1428571428571
2023,1492,8275153121,Male,30,333,1,1,209,12,531,871,11,3,0,29.857142857142858
2023,1493,8713217992,Male,18,54,1,1,4836,145,121,183,4,0,0,690.8571428571429
2024,1494,9605556706,Male,51,740,1,0,3598,121,716,948,29,3,0,514.0
2023,1495,9200488325,Male,38,650,0,0,4597,17,201,783,11,5,0,656.7142857142857
2023,1496,8452882055,Male,47,862,1,0,4006,158,190,831,15,4,0,572.2857142857143
2023,1497,8598725729,Male,47,191,1,0,1930,273,442,490,28,6,1,275.7142857142857
2023,1498,8297011012,Male,53,846,0,0,4693,262,469,573,29,0,1,670.4285714285714
2024,1499,9838251073,Female,27,142,0,1,3948,211,259,124,21,4,0,564.0
2023,1500,7071433611,Male,55,788,0,0,3140,162,564,989,15,8,0,448.57142857142856
2024,1501,9619279575,Female,54,519,0,1,1113,186,487,384,8,0,1,159.0
2023,1502,7159287223,Female,53,81,1,0,1736,266,75,595,19,6,1,248.0
2023,1503,9190001251,Female,49,762,0,0,481,213,799,696,8,9,0,68.71428571428571
2023,1504,7079834958,Male,38,995,1,0,1703,171,301,716,6,8,0,243.28571428571428
2024,1505,8365099666,Female,29,949,0,0,1736,204,574,38,24,8,1,248.0
2023,1506,8665396762,Male,20,641,0,0,180,12,298,507,3,6,0,25.714285714285715
2023,1507,8361652725,Male,49,198,1,1,3193,72,282,406,9,3,0,456.14285714285717
2024,1508,8269734009,Female,27,784,0,1,1409,5,709,737,6,1,1,201.28571428571428
2024,1509,8464214728,Male,33,304,0,1,3644,229,321,348,7,6,1,520.5714285714286
2024,1510,7729318771,Female,46,142,1,1,4456,243,599,218,25,0,0,636.5714285714286
2024,1511,8322869010,Male,37,461,1,0,1018,214,775,851,12,2,0,145.42857142857142
2024,1512,8866942788,Female,32,894,0,1,2667,194,772,605,16,6,0,381.0
2023,1513,8890314188,Male,56,549,1,1,768,105,303,845,7,6,0,109.71428571428571
2024,1514,7799296563,Female,37,209,0,1,1128,284,524,222,16,4,1,161.14285714285714
2024,1515,8457608938,Male,47,586,1,1,1644,152,212,587,28,1,0,234.85714285714286
2024,1516,9410213907,Male,18,116,1,0,4268,124,158,131,22,2,1,609.7142857142857
2024,1517,9993829453,Male,55,395,1,1,4030,19,643,183,2,8,0,575.7142857142857
2023,1518,8457937010,Female,19,781,1,0,200,127,263,656,29,9,0,28.571428571428573
2023,1519,9760174518,Female,29,177,0,1,446,14,234,440,19,4,0,63.714285714285715
2023,1520,7817388496,Male,25,379,0,0,1374,129,620,280,20,7,0,196.28571428571428
2023,1521,7232621173,Female,48,767,1,0,1835,93,505,18,26,7,0,262.14285714285717
2023,1522,7628474011,Female,47,285,1,1,2619,276,313,793,25,3,0,374.14285714285717
2024,1523,8270574978,Female,20,353,1,1,703,70,796,151,19,2,1,100.42857142857143
2024,1524,8119069273,Male,20,106,1,1,2596,84,125,622,16,4,0,370.85714285714283
2023,1525,7215556390,Female,18,835,0,0,1808,31,117,953,24,2,1,258.2857142857143
2024,1526,8044118857,Female,40,121,0,0,4491,229,605,928,2,2,0,641.5714285714286
2024,1527,8131982273,Male,34,98,1,1,1278,194,596,546,21,3,1,182.57142857142858
2023,1528,9349071352,Female,34,970,1,0,934,207,266,306,4,4,0,133.42857142857142
2024,1529,9958648542,Male,44,839,1,1,3244,169,241,498,15,3,0,463.42857142857144
2024,1530,8056756448,Female,29,880,0,1,3593,90,223,912,6,4,1,513.2857142857143
2024,1531,9030722723,Female,53,842,0,0,1630,66,313,140,16,1,0,232.85714285714286
2023,1532,8594662745,Female,25,855,0,0,3797,62,792,201,20,4,1,542.4285714285714
2023,1533,8333547489,Female,42,458,1,0,4988,59,372,396,17,0,0,712.5714285714286
2023,1534,7986390438,Female,46,160,0,1,2798,88,695,331,2,3,0,399.7142857142857
2024,1535,9540028117,Female,36,221,1,1,2124,243,400,875,3,7,0,303.42857142857144
2024,1536,9927485664,Female,38,785,1,0,1319,262,542,988,19,8,0,188.42857142857142
2024,1537,8744873712,Female,57,884,0,1,118,294,783,193,16,2,0,16.857142857142858
2023,1538,9005649627,Male,34,338,1,0,4445,201,241,50,22,9,0,635.0
2024,1539,8832448048,Male,42,865,1,1,976,285,325,491,21,7,0,139.42857142857142
2023,1540,8196656618,Female,32,825,1,0,4651,169,439,439,24,7,0,664.4285714285714
2024,1541,7334913834,Male,47,911,0,1,4655,45,139,564,26,0,0,665.0
2023,1542,8570430633,Female,45,634,1,1,4378,61,346,908,26,7,0,625.4285714285714
2024,1543,9949730085,Female,55,742,0,0,468,60,548,736,6,9,0,66.85714285714286
2023,1544,8649353918,Male,48,615,1,1,4960,295,157,438,3,2,0,708.5714285714286
2024,1545,8814721846,Female,29,93,1,1,3234,273,782,750,29,1,0,462.0
2024,1546,9527251961,Male,36,60,0,1,3659,129,326,966,4,9,0,522.7142857142857
2023,1547,7057044592,Male,52,616,1,0,2154,183,232,740,13,3,0,307.7142857142857
2024,1548,9202159576,Female,58,774,1,0,331,124,683,702,24,4,0,47.285714285714285
2024,1549,8356996820,Female,56,781,0,1,1523,194,630,74,14,2,0,217.57142857142858
2024,1550,7932046073,Male,31,752,0,0,1243,216,544,822,12,7,0,177.57142857142858
2023,1551,9461729384,Female,45,631,1,0,2429,200,213,85,28,0,0,347.0
2023,1552,8351320397,Female,39,796,0,0,3293,86,768,237,23,8,1,470.42857142857144
2023,1553,8563688012,Male,59,920,0,0,3753,13,373,275,27,0,0,536.1428571428571
2024,1554,8242227460,Male,19,705,0,0,3129,29,442,850,22,5,1,447.0
2023,1555,9620035020,Female,21,891,0,0,807,215,226,143,2,6,1,115.28571428571429
2023,1556,9189524284,Female,43,142,0,0,4875,56,101,746,3,0,0,696.4285714285714
2023,1557,7509457289,Male,57,153,1,1,3341,57,316,447,3,6,0,477.2857142857143
2023,1558,9391753201,Male,38,665,1,0,2872,44,344,402,16,2,1,410.2857142857143
2024,1559,9732093472,Male,59,319,1,1,2308,147,148,140,20,5,0,329.7142857142857
2023,1560,8619819057,Female,52,779,0,0,767,19,329,240,10,4,1,109.57142857142857
2024,1561,7715540819,Female,39,737,0,0,1925,271,339,411,18,0,0,275.0
2023,1562,7058329049,Male,19,658,1,0,2781,211,727,23,9,6,0,397.2857142857143
2023,1563,7175750482,Female,21,306,0,0,2605,232,482,764,23,6,0,372.14285714285717
2024,1564,8288437502,Male,53,780,1,1,2041,181,766,75,3,9,0,291.57142857142856
2024,1565,9856197799,Female,59,348,1,1,1233,204,586,858,25,6,0,176.14285714285714
2024,1566,7774101791,Female,45,925,0,0,1516,38,365,832,3,1,0,216.57142857142858
2024,1567,8270227328,Male,55,65,0,0,3535,75,78,224,2,0,0,505.0
2024,1568,9996888155,Male,47,803,0,1,4987,166,197,875,3,9,0,712.4285714285714
2024,1569,8741041486,Male,53,514,1,1,812,233,723,668,12,6,0,116.0
2023,1570,8272773642,Female,49,156,1,0,2135,142,232,25,13,0,0,305.0
2023,1571,8713436560,Female,56,472,0,1,532,35,616,992,19,0,0,76.0
2024,1572,8281709687,Female,29,365,0,1,3251,116,212,419,8,8,0,464.42857142857144
2023,1573,8247052484,Male,38,142,1,0,3911,247,108,286,26,6,1,558.7142857142857
2023,1574,8641257865,Male,35,974,0,0,2460,250,332,244,15,4,0,351.42857142857144
2024,1575,9555927463,Male,54,360,1,0,427,142,769,221,1,2,0,61.0
2023,1576,8118343549,Female,30,667,0,0,1826,96,157,267,1,0,0,260.85714285714283
2023,1577,8501976509,Male,53,253,0,0,3870,251,434,107,6,3,0,552.8571428571429
2023,1578,8251875413,Male,18,605,1,1,563,147,202,905,23,1,0,80.42857142857143
2023,1579,7093934925,Male,18,365,1,1,3420,105,268,920,21,4,0,488.57142857142856
2023,1580,7027375871,Male,40,332,1,1,4413,276,631,136,21,0,0,630.4285714285714
2023,1581,9795692967,Male,58,923,1,1,836,149,119,137,10,2,0,119.42857142857143
2023,1582,7878965407,Female,28,711,0,0,844,296,156,432,21,9,0,120.57142857142857
2023,1583,7425302504,Female,45,558,0,0,169,55,360,346,6,5,0,24.142857142857142
2023,1584,7174067304,Male,31,31,1,1,2095,145,661,261,12,9,0,299.2857142857143
2024,1585,7529214683,Female,28,466,0,0,2026,68,763,937,4,9,0,289.42857142857144
2024,1586,9765639209,Male,26,163,0,1,1545,25,523,110,27,6,0,220.71428571428572
2023,1587,7073264368,Female,59,590,1,0,580,228,281,815,28,5,0,82.85714285714286
2023,1588,7125861757,Male,22,757,0,0,4721,270,575,790,5,3,0,674.4285714285714
2023,1589,7469212445,Male,31,32,1,1,3680,99,198,244,26,7,0,525.7142857142857
2023,1590,9973913416,Male,31,625,0,1,3841,128,151,769,22,0,0,548.7142857142857
2023,1591,9870066090,Male,50,44,0,1,482,265,668,455,26,8,0,68.85714285714286
2024,1592,8153388820,Male,37,704,1,0,2515,280,236,524,15,9,0,359.2857142857143
2024,1593,8463919506,Female,30,888,1,0,2496,214,703,396,12,5,1,356.57142857142856
2024,1594,7900810772,Female,30,158,1,0,2438,288,289,582,0,2,0,348.2857142857143
2024,1595,7768491380,Female,49,506,1,0,2787,258,303,745,19,4,0,398.14285714285717
2024,1596,8885821575,Male,46,911,1,0,334,178,250,845,26,3,0,47.714285714285715
2023,1597,9611588997,Female,20,534,1,0,1691,177,217,507,12,0,0,241.57142857142858
2024,1598,8815659878,Male,42,884,1,0,3689,6,631,238,13,9,0,527.0
2024,1599,7598800471,Female,47,299,1,1,2093,264,446,861,13,7,0,299.0
2024,1600,9164373765,Male,19,987,1,0,2632,53,738,914,4,2,0,376.0
2023,1601,8219308200,Female,22,576,0,1,428,241,94,320,0,9,0,61.142857142857146
2024,1602,7744109250,Male,49,917,0,0,1108,133,113,472,15,6,0,158.28571428571428
2023,1603,9103299790,Female,39,711,0,1,1694,129,476,949,27,2,0,242.0
2023,1604,8245979073,Female,33,859,1,1,4904,265,118,722,18,6,1,700.5714285714286
2024,1605,8442822983,Male,42,733,1,1,2789,182,457,251,16,7,1,398.42857142857144
2024,1606,7216554871,Female,42,816,1,1,3358,239,527,112,16,5,0,479.7142857142857
2024,1607,8142944421,Female,51,527,0,0,4838,82,399,160,8,7,0,691.1428571428571
2024,1608,9919529319,Female,36,533,1,0,3785,260,407,734,3,0,0,540.7142857142857
2024,1609,7973542227,Male,53,599,1,1,3300,111,691,75,24,4,0,471.42857142857144
2024,1610,9257877181,Male,21,52,0,0,132,246,620,917,4,1,0,18.857142857142858
2023,1611,9191667809,Female,28,177,0,1,1671,131,250,98,9,1,0,238.71428571428572
2023,1612,8787193051,Male,53,811,0,0,462,196,704,420,16,2,0,66.0
2024,1613,7613673586,Female,45,815,1,0,872,194,638,681,25,8,0,124.57142857142857
2023,1614,9091660740,Female,50,275,0,1,3125,292,722,302,22,4,1,446.42857142857144
2024,1615,9846387574,Female,48,399,1,0,4248,24,739,889,27,4,1,606.8571428571429
2023,1616,8240345449,Male,41,788,0,1,3504,47,377,249,4,6,0,500.57142857142856
2023,1617,8876301564,Female,29,935,0,0,2003,165,443,452,22,4,1,286.14285714285717
2023,1618,9017156020,Male,47,563,1,0,1771,168,297,103,3,3,0,253.0
2024,1619,8005254303,Female,28,578,0,1,1231,192,98,901,19,9,0,175.85714285714286
2023,1620,9601650593,Female,25,525,1,1,1275,75,593,848,5,7,0,182.14285714285714
2023,1621,7054253099,Male,36,64,1,1,2984,243,572,811,21,9,0,426.2857142857143
2023,1622,8168758590,Male,21,968,0,1,4388,256,613,22,23,8,0,626.8571428571429
2023,1623,9791151683,Male,18,912,1,1,2935,63,350,880,23,5,1,419.2857142857143
2024,1624,7852187124,Male,58,923,0,1,1218,215,407,524,10,1,1,174.0
2023,1625,9437318900,Female,21,878,1,1,204,203,121,980,29,1,0,29.142857142857142
2024,1626,7347398576,Male,54,979,1,0,3088,206,441,372,24,1,0,441.14285714285717
2023,1627,7225869103,Female,33,626,1,1,4109,153,451,173,24,0,0,587.0
2023,1628,8100362756,Female,47,408,0,1,3882,255,426,189,27,2,0,554.5714285714286
2023,1629,9154983933,Male,31,231,0,1,3872,283,297,222,11,8,0,553.1428571428571
2024,1630,7607355883,Female,33,507,0,0,2587,267,585,207,28,4,0,369.57142857142856
2024,1631,7872361256,Male,54,321,0,0,2054,288,600,230,4,1,1,293.42857142857144
2023,1632,7907115471,Male,48,343,0,0,3544,50,518,179,5,6,1,506.2857142857143
2023,1633,8477188722,Male,21,235,0,1,3813,149,665,81,20,1,0,544.7142857142857
2024,1634,8075337194,Male,47,42,1,0,2900,221,187,697,19,0,0,414.2857142857143
2023,1635,9364987720,Female,41,62,0,0,3082,222,799,400,23,8,0,440.2857142857143
2023,1636,8588902367,Female,46,262,1,1,3366,185,742,903,25,4,0,480.85714285714283
2024,1637,8926562285,Male,48,380,0,1,3717,37,442,624,5,7,0,531.0
2023,1638,7675387780,Male,24,940,0,1,1379,217,517,194,17,4,0,197.0
2023,1639,9723674997,Male,31,496,0,1,2978,268,281,710,0,6,0,425.42857142857144
2023,1640,8200051467,Male,25,378,1,0,2943,54,457,93,1,3,0,420.42857142857144
2023,1641,7043068613,Male,29,160,0,0,2453,17,416,968,0,3,1,350.42857142857144
2023,1642,9402586784,Female,42,349,0,1,883,282,595,184,2,6,0,126.14285714285714
2023,1643,8668675280,Female,43,257,0,1,1604,15,155,709,10,2,0,229.14285714285714
2024,1644,7022977252,Female,53,904,1,0,4450,95,56,123,21,1,0,635.7142857142857
2024,1645,7834927545,Male,53,123,1,1,4209,179,222,260,24,1,0,601.2857142857143
2024,1646,9570426733,Female,33,500,1,0,2781,67,790,477,2,6,0,397.2857142857143
2023,1647,7391933137,Female,41,310,1,1,282,5,655,774,29,3,0,40.285714285714285
2023,1648,8127443651,Male,45,904,0,1,2114,198,190,627,24,3,1,302.0
2024,1649,8132159410,Female,46,723,0,0,1531,185,794,758,10,0,0,218.71428571428572
2024,1650,9129655189,Male,29,622,1,0,4403,16,442,321,6,9,0,629.0
2023,1651,7382639511,Male,33,917,1,1,2699,114,562,598,23,5,0,385.57142857142856
2023,1652,9181481299,Female,57,116,1,1,1885,47,612,151,23,6,1,269.2857142857143
2023,1653,9868888422,Male,55,505,1,1,2728,113,359,340,7,3,0,389.7142857142857
2023,1654,9128196174,Female,34,916,1,1,3275,217,410,421,5,5,0,467.85714285714283
2023,1655,9136908384,Female,35,887,1,0,1759,171,240,461,18,5,0,251.28571428571428
2023,1656,7128906017,Male,43,411,1,1,3746,64,156,988,10,7,0,535.1428571428571
2023,1657,8558114264,Female,31,171,0,1,1657,89,687,417,18,1,0,236.71428571428572
2024,1658,7390171156,Female,22,622,0,1,2783,36,486,639,26,7,1,397.57142857142856
2023,1659,9897883197,Male,27,729,1,0,4575,63,382,383,25,6,1,653.5714285714286
2024,1660,8005604584,Male,30,128,1,1,2038,65,137,306,27,7,0,291.14285714285717
2023,1661,7815137596,Male,44,265,0,0,4753,212,105,867,28,4,1,679.0
2023,1662,7578131257,Female,27,857,1,0,3968,64,111,871,0,8,0,566.8571428571429
2023,1663,8204764649,Female,41,233,0,0,2564,235,634,84,7,0,0,366.2857142857143
2023,1664,7819018232,Male,55,897,1,1,1074,80,788,282,13,0,0,153.42857142857142
2023,1665,9648923641,Female,29,155,1,1,385,253,415,233,7,6,0,55.0
2023,1666,8655803512,Male,40,422,0,1,4374,241,397,458,19,2,1,624.8571428571429
2023,1667,7448478768,Female,42,441,0,0,2267,78,423,772,4,7,0,323.85714285714283
2024,1668,9438343073,Female,50,710,1,1,1032,5,395,367,23,4,0,147.42857142857142
2024,1669,8654433774,Male,47,994,1,1,4879,260,229,991,16,0,0,697.0
2023,1670,7792513822,Female,27,948,1,1,2890,239,284,489,12,1,0,412.85714285714283
2023,1671,7056736567,Female,45,199,0,1,2443,150,284,272,11,5,0,349.0
2023,1672,7445856685,Female,24,695,0,0,1900,125,585,150,8,4,0,271.42857142857144
2023,1673,8975929425,Female,47,367,0,0,2170,236,783,369,10,4,0,310.0
2024,1674,9320724773,Male,57,173,1,1,3333,211,279,944,9,6,0,476.14285714285717
2024,1675,8195615927,Female,35,646,0,1,2825,205,168,883,20,3,0,403.57142857142856
2024,1676,7577138868,Female,55,859,1,0,4503,163,469,370,23,2,0,643.2857142857143
2024,1677,7862887533,Female,28,210,1,0,4306,280,211,555,19,1,0,615.1428571428571
2023,1678,8510828075,Female,28,266,1,0,4860,284,109,550,17,0,0,694.2857142857143
2024,1679,8663533324,Male,45,828,1,0,209,174,456,247,16,4,0,29.857142857142858
2023,1680,7472746210,Male,32,653,0,0,944,168,567,976,15,4,0,134.85714285714286
2024,1681,9535045090,Female,33,917,0,1,591,273,661,26,29,0,0,84.42857142857143
2023,1682,9680900439,Female,51,763,1,0,1647,123,732,668,18,0,0,235.28571428571428
2023,1683,7748239386,Female,22,842,0,0,3281,19,85,991,19,4,0,468.7142857142857
2024,1684,8004469953,Female,21,440,1,1,500,29,718,697,1,3,0,71.42857142857143
2024,1685,9128160725,Male,39,982,0,0,4190,127,268,379,2,2,0,598.5714285714286
2024,1686,7673560389,Female,44,904,1,0,468,220,558,239,7,5,0,66.85714285714286
2024,1687,8326421898,Female,39,735,0,0,4464,247,567,592,21,7,0,637.7142857142857
2023,1688,9128635636,Male,25,387,1,1,4251,112,261,561,16,0,0,607.2857142857143
2023,1689,7912555730,Male,52,720,0,0,2896,94,705,781,6,9,0,413.7142857142857
2023,1690,9276590935,Male,26,927,0,1,3684,221,791,951,25,4,1,526.2857142857143
2024,1691,8871450442,Male,54,395,0,0,1426,185,355,142,14,4,0,203.71428571428572
2024,1692,9540941121,Female,34,385,0,1,4539,38,799,893,15,1,1,648.4285714285714
2024,1693,7357022573,Female,55,877,0,1,188,194,636,549,10,6,0,26.857142857142858
2024,1694,7854295196,Female,47,920,1,1,2642,24,220,302,3,7,0,377.42857142857144
2024,1695,8961136592,Male,48,880,0,0,4546,61,466,920,21,6,0,649.4285714285714
2023,1696,8777332294,Male,44,900,0,0,1055,247,106,752,14,7,0,150.71428571428572
2023,1697,9506576143,Male,24,172,1,1,2234,78,771,986,14,2,1,319.14285714285717
2024,1698,9123058430,Male,22,264,0,0,2543,159,50,514,10,8,0,363.2857142857143
2024,1699,9111376880,Male,59,835,1,1,2231,56,240,301,8,6,0,318.7142857142857
2023,1700,7014971138,Female,22,612,0,0,1376,190,177,91,13,1,0,196.57142857142858
2024,1701,9698338649,Male,34,349,0,1,4514,135,690,952,19,7,1,644.8571428571429
2024,1702,9927999059,Male,41,191,0,0,1360,23,662,33,0,5,0,194.28571428571428
2023,1703,7315013908,Male,33,626,1,0,3221,80,216,336,11,0,0,460.14285714285717
2023,1704,9733813441,Male,21,417,0,0,2200,103,257,955,1,5,0,314.2857142857143
2024,1705,7070033956,Female,19,493,0,1,4015,257,455,497,12,1,0,573.5714285714286
2023,1706,9356140014,Male,24,895,1,1,3756,232,799,809,7,2,1,536.5714285714286
2023,1707,9824769799,Male,19,575,0,1,151,80,510,584,27,1,0,21.571428571428573
2024,1708,7798057411,Male,18,125,1,0,1497,182,285,341,12,4,0,213.85714285714286
2024,1709,7845272170,Male,37,492,1,0,1094,131,377,782,6,4,1,156.28571428571428
2023,1710,9308507779,Female,40,302,1,0,874,52,745,700,24,8,0,124.85714285714286
2024,1711,7527591480,Female,40,502,0,1,3018,232,542,24,10,2,1,431.14285714285717
2023,1712,9889216374,Male,52,158,0,1,4799,104,491,554,15,3,0,685.5714285714286
2023,1713,7530673636,Male,30,205,1,1,1703,66,573,68,28,7,1,243.28571428571428
2023,1714,7608940937,Male,34,878,0,1,4423,51,641,733,28,7,0,631.8571428571429
2023,1715,8449922496,Female,57,532,0,0,2217,61,241,295,17,5,0,316.7142857142857
2023,1716,8746101609,Female,51,422,1,0,865,228,390,383,7,8,0,123.57142857142857
2024,1717,8063944109,Female,39,185,0,1,1086,49,246,781,25,3,0,155.14285714285714
2023,1718,8884425201,Female,24,507,1,0,4537,80,463,800,4,4,0,648.1428571428571
2024,1719,9594720571,Female,28,293,0,0,3031,95,56,885,19,6,0,433.0
2023,1720,8314662503,Female,40,617,1,0,474,100,777,827,10,2,0,67.71428571428571
2024,1721,9462982191,Male,28,219,1,1,3300,172,326,654,23,7,1,471.42857142857144
2024,1722,7750561704,Male,25,278,1,1,1633,291,217,638,24,8,1,233.28571428571428
2024,1723,8563104398,Female,39,686,1,1,3937,230,695,195,1,0,1,562.4285714285714
2024,1724,8126083654,Male,58,468,1,0,342,204,227,724,28,1,0,48.857142857142854
2024,1725,8582103067,Female,36,814,0,1,1013,87,240,910,15,3,0,144.71428571428572
2023,1726,8047297489,Female,29,897,0,0,1460,58,629,699,12,4,0,208.57142857142858
2024,1727,7572931171,Female,31,399,1,1,4743,296,493,292,10,4,0,677.5714285714286
2023,1728,9194921131,Male,23,132,1,0,1774,89,143,682,21,3,0,253.42857142857142
2023,1729,8473856734,Male,55,834,1,1,127,160,419,50,0,6,0,18.142857142857142
2024,1730,7059823865,Female,19,207,0,0,3554,122,745,688,13,5,0,507.7142857142857
2024,1731,7837232804,Male,25,637,1,0,4202,297,140,520,7,7,0,600.2857142857143
2023,1732,7874329124,Male,23,885,1,0,1679,193,262,299,19,4,0,239.85714285714286
2023,1733,9141783456,Male,25,41,0,0,4459,251,251,35,0,5,0,637.0
2024,1734,7846118344,Male,34,584,1,1,4108,132,678,628,17,7,0,586.8571428571429
2024,1735,7207310172,Male,58,195,1,1,2006,221,446,583,7,0,1,286.57142857142856
2024,1736,9090232365,Male,39,187,0,1,1997,79,595,795,15,0,0,285.2857142857143
2024,1737,7408258119,Male,44,912,0,1,1499,113,258,484,0,1,1,214.14285714285714
2024,1738,7548139844,Male,24,722,0,0,2845,65,186,936,22,7,0,406.42857142857144
2024,1739,9627099848,Female,49,203,1,0,1520,205,433,163,11,3,0,217.14285714285714
2023,1740,7814314036,Female,57,868,1,1,2204,191,376,240,26,6,0,314.85714285714283
2024,1741,8336287595,Female,32,559,0,0,4361,176,667,961,2,3,1,623.0
2024,1742,7660610672,Female,41,111,1,0,785,93,694,371,9,4,1,112.14285714285714
2024,1743,9672721666,Female,21,674,1,1,4201,281,460,267,18,9,0,600.1428571428571
2023,1744,9089795582,Female,55,831,0,1,1587,176,292,32,25,7,0,226.71428571428572
2023,1745,7095660016,Female,55,468,1,1,1418,293,539,654,5,6,0,202.57142857142858
2024,1746,9591718733,Female,36,753,1,0,475,64,403,403,23,4,0,67.85714285714286
2024,1747,9276298952,Male,49,695,0,0,1044,106,453,649,11,5,0,149.14285714285714
2023,1748,7641570057,Male,48,968,1,1,2464,99,759,610,3,4,0,352.0
2023,1749,8068285379,Female,21,147,0,0,1946,147,321,296,18,1,0,278.0
2023,1750,7642209760,Male,23,689,0,0,1040,143,124,549,4,0,0,148.57142857142858
2023,1751,8993799505,Female,24,585,0,1,2860,84,772,528,28,5,0,408.57142857142856
2024,1752,7581172126,Female,29,415,1,1,2047,138,608,664,7,4,0,292.42857142857144
2024,1753,8509654886,Male,32,937,1,0,4854,286,535,255,1,7,0,693.4285714285714
2024,1754,7148212058,Female,44,163,1,1,1399,8,228,918,0,6,0,199.85714285714286
2023,1755,8924864171,Female,27,857,1,0,1109,155,306,49,16,6,0,158.42857142857142
2024,1756,7529503919,Female,28,552,1,0,1575,20,461,557,15,5,1,225.0
2023,1757,8842587690,Male,37,971,1,1,4463,207,628,399,3,1,0,637.5714285714286
2024,1758,7228157627,Female,49,493,1,1,1519,55,85,373,24,8,0,217.0
2024,1759,7324937289,Male,29,30,1,0,3544,142,78,820,26,2,1,506.2857142857143
2023,1760,8311728813,Male,27,861,1,0,729,27,653,302,2,4,0,104.14285714285714
2024,1761,8761954767,Male,22,191,1,1,304,131,633,415,11,1,0,43.42857142857143
2023,1762,8543888162,Male,55,433,0,1,2066,47,680,918,29,3,0,295.14285714285717
2023,1763,8003846927,Female,42,46,1,0,3699,251,555,513,5,2,1,528.4285714285714
2024,1764,8772832433,Female,53,611,0,1,1143,197,78,776,5,6,0,163.28571428571428
2023,1765,9810178584,Male,43,339,1,0,1213,8,609,865,17,8,0,173.28571428571428
2024,1766,8335665529,Male,40,758,0,0,185,96,204,46,18,0,0,26.428571428571427
2024,1767,8435706936,Female,19,179,0,1,1984,183,132,900,15,4,0,283.42857142857144
2024,1768,8133705504,Female,38,806,1,1,194,207,350,839,21,0,0,27.714285714285715
2024,1769,9828906006,Male,26,553,1,1,372,39,669,296,6,2,0,53.142857142857146
2024,1770,8909437936,Female,48,139,1,0,2442,119,561,942,27,1,1,348.85714285714283
2024,1771,9112542284,Female,28,129,1,1,1529,203,196,342,27,7,0,218.42857142857142
2023,1772,7774694422,Female,37,847,0,0,3477,56,166,83,16,9,0,496.7142857142857
2023,1773,8973306013,Female,27,135,1,1,622,255,222,579,20,2,0,88.85714285714286
2024,1774,9324564423,Male,40,363,0,0,1234,200,538,351,25,4,0,176.28571428571428
2024,1775,7488821132,Female,49,799,0,1,3113,23,155,368,12,2,0,444.7142857142857
2023,1776,9470077911,Female,51,520,0,1,2063,86,299,233,18,8,0,294.7142857142857
2024,1777,8597648305,Female,55,375,0,1,53,148,496,768,14,8,0,7.571428571428571
2024,1778,9978309847,Female,23,572,1,0,4837,111,723,605,4,1,1,691.0
2024,1779,7885357790,Female,46,429,0,1,4921,281,610,956,6,5,0,703.0
2023,1780,8484082554,Male,44,457,1,0,1296,112,380,620,3,2,0,185.14285714285714
2023,1781,9171518764,Male,35,721,1,0,2801,179,690,321,23,6,0,400.14285714285717
2023,1782,8047109393,Male,30,761,0,1,421,291,208,681,21,5,0,60.142857142857146
2024,1783,7632797427,Female,21,834,1,1,1999,261,499,220,6,4,1,285.57142857142856
2023,1784,7306252662,Female,19,114,1,1,3877,140,750,611,8,7,0,553.8571428571429
2023,1785,9200673149,Male,37,873,1,0,2836,85,160,838,11,4,0,405.14285714285717
2024,1786,8052821338,Female,49,243,1,1,2013,279,556,348,4,7,0,287.57142857142856
2023,1787,7236697139,Male,48,540,1,0,2094,162,80,37,21,9,0,299.14285714285717
2024,1788,9292452169,Female,25,603,1,1,1082,254,428,55,23,5,0,154.57142857142858
2023,1789,8810869613,Female,21,198,0,0,4028,91,453,872,18,6,0,575.4285714285714
2024,1790,7686351240,Female,58,660,1,0,4944,39,605,306,14,0,0,706.2857142857143
2024,1791,8900509634,Male,58,350,1,0,1397,181,261,45,28,1,0,199.57142857142858
2023,1792,8241557412,Female,31,824,0,1,872,220,275,962,23,2,1,124.57142857142857
2024,1793,9834320744,Female,59,588,1,0,1320,163,282,229,16,2,0,188.57142857142858
2023,1794,8495197054,Female,51,854,1,1,3434,161,688,296,11,0,0,490.57142857142856
2023,1795,9801165218,Female,47,472,1,0,812,228,292,218,2,5,0,116.0
2023,1796,7158888575,Female,42,822,1,1,502,181,393,679,18,2,0,71.71428571428571
2023,1797,7772229152,Female,31,565,1,1,3040,74,508,70,17,5,0,434.2857142857143
2023,1798,8619935144,Male,41,792,0,0,4994,148,353,337,27,8,0,713.4285714285714
2024,1799,7098479234,Female,26,39,0,0,135,280,749,912,26,1,0,19.285714285714285
2024,1800,8812736226,Female,51,720,1,0,1294,209,595,612,23,4,0,184.85714285714286
2023,1801,9486859988,Male,52,391,0,1,222,130,125,489,14,2,0,31.714285714285715
2024,1802,7186071329,Male,54,783,0,0,626,235,780,21,14,0,0,89.42857142857143
2023,1803,8528844754,Female,19,646,1,0,1263,174,582,202,1,7,0,180.42857142857142
2024,1804,7694150206,Male,57,614,0,0,380,6,523,222,8,8,1,54.285714285714285
2023,1805,7593593061,Male,24,825,0,1,1853,7,470,963,19,8,0,264.7142857142857
2023,1806,8468020944,Male,38,491,0,1,2542,8,137,684,10,7,0,363.14285714285717
2023,1807,9239831762,Female,38,295,0,0,765,117,306,373,20,5,1,109.28571428571429
2023,1808,8276939781,Male,31,298,0,1,1153,87,514,806,8,5,0,164.71428571428572
2024,1809,7832287848,Female,36,305,0,1,1817,76,164,372,21,7,0,259.57142857142856
2023,1810,7878062779,Male,31,579,1,1,3941,104,439,759,26,3,1,563.0
2023,1811,9901184818,Female,56,660,0,0,1510,172,451,540,23,1,0,215.71428571428572
2023,1812,8183901095,Female,55,81,1,0,1436,245,295,767,25,5,1,205.14285714285714
2024,1813,7290174758,Female,50,307,0,1,1893,274,418,677,27,6,0,270.42857142857144
2023,1814,7303355267,Male,44,314,1,0,3777,9,170,150,17,0,0,539.5714285714286
2024,1815,9921259203,Female,34,592,1,0,3439,235,133,472,27,3,0,491.2857142857143
2024,1816,9603480580,Female,55,64,1,0,2728,157,781,121,19,0,0,389.7142857142857
2023,1817,7617928281,Female,53,54,0,1,1481,150,395,765,6,6,0,211.57142857142858
2023,1818,9691506196,Male,57,207,0,0,1414,293,430,112,28,1,1,202.0
2024,1819,7117415985,Female,51,438,1,0,3128,62,288,205,18,6,0,446.85714285714283
2023,1820,9718231666,Female,42,518,0,0,1350,16,440,103,9,4,1,192.85714285714286
2024,1821,9675554690,Male,46,793,0,1,2779,132,474,644,4,0,0,397.0
2024,1822,9838323812,Female,27,595,1,0,2829,39,585,834,8,2,1,404.14285714285717
2024,1823,9321973474,Female,47,780,1,1,4898,9,466,280,17,0,0,699.7142857142857
2023,1824,9605164140,Female,32,43,0,0,3269,126,523,589,12,0,0,467.0
2024,1825,8431560827,Male,36,681,0,1,668,8,587,764,9,0,0,95.42857142857143
2023,1826,7093241535,Male,30,63,0,0,2625,122,514,742,27,4,0,375.0
2024,1827,7638623030,Female,40,304,0,1,2052,214,83,622,2,8,0,293.14285714285717
2023,1828,8141250798,Male,54,832,1,0,4250,35,480,777,13,9,0,607.1428571428571
2024,1829,8388551939,Male,50,143,1,1,3347,235,322,464,19,9,0,478.14285714285717
2024,1830,9920105072,Male,41,718,0,1,4982,195,297,344,12,3,0,711.7142857142857
2024,1831,9903161616,Male,22,532,1,1,4562,287,743,900,1,2,0,651.7142857142857
2023,1832,8685624012,Female,46,284,1,1,654,84,596,209,9,7,0,93.42857142857143
2023,1833,7716374370,Male,32,486,0,1,1056,248,96,557,29,0,0,150.85714285714286
2023,1834,9207287629,Female,29,185,1,0,4243,299,599,654,25,4,0,606.1428571428571
2024,1835,9252101910,Male,40,959,0,1,1117,158,588,33,19,3,1,159.57142857142858
2024,1836,8238897377,Female,29,958,0,1,1104,153,755,618,10,3,1,157.71428571428572
2023,1837,7430605023,Female,30,966,1,0,1974,200,348,583,25,6,1,282.0
2023,1838,9117984597,Male,29,631,1,1,2531,257,334,120,18,2,0,361.57142857142856
2024,1839,8930883056,Male,51,679,0,0,3156,10,166,553,12,3,0,450.85714285714283
2023,1840,9325178205,Male,38,632,0,1,3134,175,50,152,22,0,0,447.7142857142857
2023,1841,9924433931,Female,27,612,0,0,4208,169,240,348,6,9,1,601.1428571428571
2023,1842,9391525807,Female,24,176,1,1,3275,183,441,290,12,5,0,467.85714285714283
2023,1843,9812369833,Male,45,641,0,0,4026,143,382,767,8,1,0,575.1428571428571
2024,1844,8273059150,Male,37,746,1,0,4923,139,282,636,0,1,0,703.2857142857143
2023,1845,9364914882,Male,40,180,1,0,4330,158,347,281,15,1,0,618.5714285714286
2024,1846,8448630576,Female,48,270,1,0,70,11,545,205,19,3,0,10.0
2023,1847,9906939299,Male,47,671,1,1,4753,61,566,514,24,0,0,679.0
2024,1848,9201456319,Female,44,682,0,1,3569,20,640,831,14,7,0,509.85714285714283
2023,1849,8559197150,Male,27,160,0,1,1504,77,546,712,10,4,1,214.85714285714286
2024,1850,7034227641,Female,36,45,1,1,4098,30,193,960,10,5,0,585.4285714285714
2023,1851,8897063641,Male,40,812,1,1,2873,53,517,202,25,9,0,410.42857142857144
2023,1852,9891142921,Female,46,52,0,0,3312,182,317,996,9,4,1,473.14285714285717
2023,1853,9492015045,Male,23,602,0,1,2630,60,376,766,28,6,0,375.7142857142857
2023,1854,7542640835,Female,26,945,1,0,1050,119,721,277,12,6,0,150.0
2024,1855,9577027423,Male,51,165,1,1,1452,139,562,307,5,9,0,207.42857142857142
2024,1856,9373682884,Male,26,336,0,0,1579,130,745,386,5,5,0,225.57142857142858
2023,1857,7517834105,Male,50,253,1,0,4846,21,308,28,18,2,0,692.2857142857143
2023,1858,9746425717,Female,50,164,1,1,3548,111,583,97,2,7,1,506.85714285714283
2023,1859,8071181676,Male,19,463,1,0,3046,149,172,645,0,4,0,435.14285714285717
2023,1860,8282026281,Female,43,314,1,0,1258,46,418,903,24,6,0,179.71428571428572
2024,1861,9383895744,Male,18,458,0,0,140,80,723,139,3,6,0,20.0
2024,1862,7999130854,Female,23,307,0,1,2470,265,94,687,16,3,0,352.85714285714283
2024,1863,9802528882,Male,49,391,1,1,640,33,722,393,28,6,0,91.42857142857143
2023,1864,9692225746,Female,58,480,0,1,600,275,109,443,16,5,0,85.71428571428571
2023,1865,7589494582,Female,37,288,1,0,1360,160,746,877,14,2,0,194.28571428571428
2023,1866,8719382045,Male,24,365,0,1,4257,176,684,579,26,8,0,608.1428571428571
2023,1867,8891811686,Female,37,997,0,0,2037,90,636,314,24,0,0,291.0
2024,1868,9904552460,Male,43,208,1,0,2661,243,606,813,0,9,0,380.14285714285717
2023,1869,7223751317,Female,34,994,1,0,3164,74,262,567,29,7,0,452.0
2023,1870,8214231664,Male,38,507,0,0,2254,18,782,543,22,5,0,322.0
2023,1871,8985260304,Female,50,62,1,0,3944,74,283,635,3,8,0,563.4285714285714
2023,1872,7503381870,Female,43,961,0,0,3290,98,696,224,29,2,0,470.0
2024,1873,7680979761,Male,29,776,1,1,2591,292,581,83,7,8,0,370.14285714285717
2023,1874,7753479231,Female,49,116,1,1,745,299,624,606,29,8,1,106.42857142857143
2023,1875,8389491176,Male,21,359,1,0,2848,8,121,201,8,7,1,406.85714285714283
2024,1876,7512101276,Female,40,833,1,1,4115,19,640,583,9,1,0,587.8571428571429
2023,1877,7243497628,Female,32,962,1,0,2669,289,355,647,8,3,0,381.2857142857143
2023,1878,9732907906,Female,26,494,0,1,1512,142,738,275,27,9,1,216.0
2024,1879,9324448156,Female,52,744,0,0,3695,246,402,214,29,2,0,527.8571428571429
2023,1880,9092611153,Male,44,228,0,0,1111,173,466,940,10,5,0,158.71428571428572
2023,1881,9057212082,Female,50,764,1,1,3259,257,96,287,11,1,0,465.57142857142856
2023,1882,7195146418,Male,48,280,1,1,3538,118,261,25,29,6,1,505.42857142857144
2024,1883,8036488626,Male,41,741,1,0,4816,15,271,661,6,1,0,688.0
2023,1884,7832328786,Female,34,994,0,1,3654,158,101,228,14,0,0,522.0
2023,1885,8105761532,Male,26,45,1,1,735,25,320,244,1,0,0,105.0
2023,1886,7868381989,Female,42,51,1,0,2220,182,429,122,15,3,0,317.14285714285717
2023,1887,8765078362,Male,42,430,0,1,3814,234,550,291,15,7,1,544.8571428571429
2024,1888,7214406041,Male,19,658,0,1,2250,223,90,613,28,3,0,321.42857142857144
2024,1889,7445118862,Male,21,419,1,1,3537,143,560,835,17,4,0,505.2857142857143
2024,1890,7124688528,Male,32,328,1,0,3399,294,763,456,15,6,0,485.57142857142856
2024,1891,8364332169,Female,29,718,0,0,3912,128,779,735,22,1,0,558.8571428571429
2023,1892,8293713251,Male,43,760,0,1,4524,257,729,676,26,1,0,646.2857142857143
2023,1893,9168652494,Female,24,521,1,0,4699,113,436,527,21,0,1,671.2857142857143
2023,1894,8103260451,Female,33,369,0,1,1072,18,195,717,8,1,0,153.14285714285714
2024,1895,7947252383,Female,47,104,0,1,3130,24,522,441,19,9,0,447.14285714285717
2023,1896,9050494203,Male,52,211,1,1,3494,133,635,156,3,9,0,499.14285714285717
2024,1897,8867697809,Female,41,931,1,1,4477,202,326,561,23,4,0,639.5714285714286
2024,1898,8761147593,Female,35,128,0,1,1729,288,83,914,10,3,0,247.0
2023,1899,7230463613,Female,50,313,1,0,3160,209,267,816,26,0,0,451.42857142857144
2024,1900,9926554978,Female,53,407,1,1,2056,162,295,790,2,0,0,293.7142857142857
2024,1901,7655496350,Female,53,245,1,0,4934,105,683,89,19,8,1,704.8571428571429
2024,1902,7664962499,Male,58,549,1,0,4033,265,222,384,3,1,0,576.1428571428571
2024,1903,8303874650,Female,50,428,1,0,4965,239,553,617,21,2,0,709.2857142857143
2024,1904,7534386468,Male,45,704,1,1,4948,219,517,120,11,5,0,706.8571428571429
2024,1905,9564734482,Female,37,346,1,0,3417,108,182,801,5,5,1,488.14285714285717
2024,1906,7649871647,Female,45,993,0,0,973,283,462,682,24,3,0,139.0
2023,1907,7737792336,Female,38,441,0,1,3948,53,117,181,26,3,0,564.0
2023,1908,8690183591,Male,36,796,1,1,2025,28,283,698,20,4,0,289.2857142857143
2024,1909,7308792546,Female,31,828,1,0,3697,279,305,404,20,4,0,528.1428571428571
2024,1910,8139400899,Male,18,470,1,0,1957,214,483,212,26,8,0,279.57142857142856
2024,1911,9751056644,Female,26,357,0,0,2932,224,454,13,15,2,0,418.85714285714283
2023,1912,7663903300,Male,23,438,0,0,936,28,632,24,28,3,0,133.71428571428572
2023,1913,8870209765,Female,31,660,0,0,3305,60,613,248,9,1,1,472.14285714285717
2023,1914,7203457345,Male,46,980,0,1,4646,275,648,569,21,1,1,663.7142857142857
2024,1915,9489353964,Male,27,505,1,1,2778,298,329,213,2,6,1,396.85714285714283
2023,1916,7764806345,Female,22,445,1,0,2443,91,259,280,18,6,0,349.0
2023,1917,9081154281,Male,55,420,0,1,1766,270,665,651,13,1,0,252.28571428571428
2024,1918,9200783381,Male,35,458,1,1,231,14,236,608,11,6,0,33.0
2024,1919,8038701059,Male,23,965,1,0,4429,166,541,405,14,2,1,632.7142857142857
2023,1920,7722048838,Female,54,870,0,0,896,283,594,176,17,7,1,128.0
2023,1921,9742077837,Male,30,952,0,0,92,31,596,306,23,4,0,13.142857142857142
2024,1922,9006534837,Female,48,290,1,0,695,246,201,906,10,1,0,99.28571428571429
2024,1923,7854904925,Female,20,631,1,1,4579,35,609,27,26,1,1,654.1428571428571
2023,1924,9854542405,Male,35,754,1,1,4478,152,344,241,27,0,0,639.7142857142857
2024,1925,8601640844,Male,33,188,0,0,2576,29,557,362,26,4,0,368.0
2024,1926,9880275772,Female,46,266,0,1,1600,14,76,453,18,3,1,228.57142857142858
2023,1927,7072914195,Female,53,464,0,0,3565,7,366,300,17,2,0,509.2857142857143
2024,1928,7017114896,Female,49,464,1,1,1430,90,346,316,14,2,0,204.28571428571428
2023,1929,9956452993,Female,58,611,0,1,2681,48,685,65,25,3,0,383.0
2024,1930,7890102131,Male,29,443,1,0,2342,18,143,611,4,6,0,334.57142857142856
2023,1931,9935681411,Male,33,131,1,0,2707,275,545,39,8,6,0,386.7142857142857
2023,1932,9578075344,Male,53,108,0,0,2649,190,629,307,4,6,1,378.42857142857144
2024,1933,9709955635,Male,36,574,1,0,1627,271,302,510,8,6,0,232.42857142857142
2023,1934,8483624004,Female,31,489,0,0,3779,98,80,427,28,5,0,539.8571428571429
2023,1935,8730894275,Male,26,655,0,0,4234,35,490,669,17,6,0,604.8571428571429
2024,1936,9079146879,Female,20,943,1,0,959,174,635,490,6,2,0,137.0
2023,1937,9273930025,Male,23,558,1,1,2837,160,295,101,6,5,0,405.2857142857143
2024,1938,7800136540,Female,19,828,1,0,2619,129,782,506,6,1,1,374.14285714285717
2024,1939,9288068008,Male,21,752,1,1,2554,254,279,869,22,8,0,364.85714285714283
2024,1940,7886676695,Female,18,912,0,0,1806,247,479,285,2,0,0,258.0
2023,1941,7120324370,Male,56,837,0,1,3568,164,732,982,2,6,1,509.7142857142857
2024,1942,7236779093,Male,33,618,0,0,2127,254,354,658,2,6,0,303.85714285714283
2023,1943,7960415378,Male,54,170,1,1,4559,145,695,23,11,5,0,651.2857142857143
2024,1944,7165120480,Male,41,962,0,1,1591,242,262,443,23,9,1,227.28571428571428
2023,1945,8171727777,Male,28,850,0,1,2924,271,481,901,3,7,0,417.7142857142857
2024,1946,8245009169,Male,50,925,1,1,3123,26,633,790,21,8,0,446.14285714285717
2024,1947,7192942399,Female,38,970,1,0,1103,98,87,579,10,8,0,157.57142857142858
2024,1948,7576984389,Male,24,775,1,0,2612,57,225,442,13,5,0,373.14285714285717
2023,1949,7963160951,Female,57,854,1,1,4731,247,325,658,16,9,0,675.8571428571429
2024,1950,7173479472,Male,25,923,1,1,3804,113,453,99,5,6,0,543.4285714285714
2024,1951,7670676484,Male,21,574,0,0,1586,220,479,223,21,6,0,226.57142857142858
2024,1952,7421426555,Male,52,694,0,0,4544,186,537,911,14,9,1,649.1428571428571
2024,1953,9748948781,Male,31,40,0,0,4680,142,161,198,11,6,0,668.5714285714286
2024,1954,9548856772,Male,32,910,0,0,1435,268,639,540,0,9,0,205.0
2023,1955,8276064790,Female,55,550,0,1,3158,294,460,176,4,3,1,451.14285714285717
2024,1956,7451605803,Female,46,690,1,1,3094,98,741,543,2,7,0,442.0
2024,1957,8011487277,Male,53,514,0,0,4691,86,699,286,6,3,0,670.1428571428571
2024,1958,8786347773,Female,40,683,0,0,4071,293,364,927,17,4,0,581.5714285714286
2023,1959,8056934403,Male,36,486,1,0,4961,107,703,163,2,4,0,708.7142857142857
2024,1960,7692707410,Male,26,237,0,1,201,213,695,971,20,2,1,28.714285714285715
2024,1961,7579532133,Female,43,137,1,0,4155,298,104,726,18,1,0,593.5714285714286
2023,1962,8611103723,Male,57,388,1,1,4595,184,507,545,6,7,1,656.4285714285714
2023,1963,9983163738,Female,42,297,1,1,1504,252,336,142,17,5,1,214.85714285714286
2024,1964,7641787548,Male,36,754,1,1,2941,250,188,697,20,4,0,420.14285714285717
2024,1965,7456790769,Male,51,347,1,1,4308,47,278,536,1,9,0,615.4285714285714
2024,1966,7295002277,Female,28,613,0,1,502,182,132,332,11,8,0,71.71428571428571
2023,1967,7244598874,Female,32,991,0,0,4126,80,717,474,15,8,0,589.4285714285714
2024,1968,7122122837,Female,39,423,1,0,3542,74,598,702,2,0,0,506.0
2024,1969,8431982067,Female,57,964,0,0,421,181,274,917,22,6,0,60.142857142857146
2024,1970,8038322871,Female,39,157,0,0,4814,156,270,545,11,2,0,687.7142857142857
2023,1971,8097726912,Male,52,831,0,0,3951,140,546,574,29,7,0,564.4285714285714
2024,1972,9459460569,Female,49,404,0,0,1094,188,246,219,22,5,1,156.28571428571428
2023,1973,9353775815,Male,38,155,1,0,1076,128,492,362,4,0,0,153.71428571428572
2024,1974,9514101344,Male,21,347,0,1,1411,107,145,243,12,2,0,201.57142857142858
2023,1975,7873521281,Female,31,485,1,1,3107,54,357,854,26,8,0,443.85714285714283
2023,1976,7564410568,Female,22,428,1,0,2305,98,232,536,4,0,0,329.2857142857143
2024,1977,9748088052,Female,35,334,0,0,2420,119,747,597,6,3,0,345.7142857142857
2024,1978,9026444922,Male,50,620,1,1,2012,285,628,728,4,1,0,287.42857142857144
2024,1979,8529769381,Male,37,173,1,0,2987,281,103,495,29,1,0,426.7142857142857
2024,1980,7091791382,Female,56,576,1,1,2880,70,135,787,5,8,0,411.42857142857144
2024,1981,8671862756,Female,51,809,0,0,3154,94,541,995,28,6,0,450.57142857142856
2023,1982,7320857421,Female,52,130,0,1,608,151,79,309,5,9,0,86.85714285714286
2023,1983,9024126667,Male,32,956,1,1,4124,259,557,648,8,5,0,589.1428571428571
2024,1984,7262469522,Male,55,46,1,1,3577,174,92,199,28,0,0,511.0
2024,1985,7928893490,Female,47,886,1,1,437,259,195,222,11,8,0,62.42857142857143
2024,1986,8258683537,Male,51,369,1,0,664,68,457,826,25,5,1,94.85714285714286
2024,1987,8214597509,Female,32,229,0,1,691,113,754,643,25,0,0,98.71428571428571
2024,1988,9897695441,Female,51,631,0,1,1755,106,531,545,5,2,1,250.71428571428572
2024,1989,7853746883,Male,51,252,0,0,2628,255,691,324,16,2,1,375.42857142857144
2024,1990,8721641342,Female,36,883,0,0,3923,271,685,954,27,6,0,560.4285714285714
2024,1991,8007516376,Female,43,65,0,1,3348,282,98,366,27,8,1,478.2857142857143
2023,1992,9156896346,Female,51,750,0,0,3515,295,500,568,14,5,0,502.14285714285717
2023,1993,9085847473,Female,45,927,1,0,4363,35,655,304,24,8,0,623.2857142857143
2023,1994,7630033430,Male,36,126,1,1,3890,14,634,651,13,6,0,555.7142857142857
2024,1995,9410479480,Female,50,109,1,1,3264,41,618,287,25,5,0,466.2857142857143
2023,1996,7794817558,Male,54,169,0,1,894,34,206,573,12,6,1,127.71428571428571
2024,1997,8426604718,Female,49,259,0,1,2988,225,322,992,16,9,1,426.85714285714283
2023,1998,9385542281,Female,57,184,0,0,1678,244,256,842,22,5,0,239.71428571428572
2024,1999,8271399446,Male,48,446,0,0,613,183,356,708,9,2,0,87.57142857142857
2023,2000,8679449595,Female,29,722,0,0,1535,213,681,697,23,3,0,219.28571428571428
